/*
Navicat MySQL Data Transfer

Source Server         : Myproject
Source Server Version : 50617
Source Host           : localhost:3306
Source Database       : weibocrawler

Target Server Type    : MYSQL
Target Server Version : 50617
File Encoding         : 65001

Date: 2015-12-23 15:44:11
*/

SET FOREIGN_KEY_CHECKS=0;

-- ----------------------------
-- Table structure for comment
-- ----------------------------
DROP TABLE IF EXISTS `comment`;
CREATE TABLE `comment` (
  `id` int(11) NOT NULL AUTO_INCREMENT,
  `uid` varchar(255) DEFAULT NULL,
  `weiboId` varchar(255) DEFAULT NULL,
  `divId` varchar(255) DEFAULT NULL,
  `content` varchar(255) DEFAULT NULL,
  PRIMARY KEY (`id`)
) ENGINE=InnoDB AUTO_INCREMENT=4344 DEFAULT CHARSET=utf8;

-- ----------------------------
-- Records of comment
-- ----------------------------
INSERT INTO `comment` VALUES ('4061', '2308425054', '58397', 'C_3923206790827084', '打的不好的时候就说老了，打的好就这样说你大爷');
INSERT INTO `comment` VALUES ('4062', '5296175652', '58397', 'C_3923198729439829', '你大爷还是你大爷[doge]');
INSERT INTO `comment` VALUES ('4063', '2039934751', '58397', 'C_3923194165372727', '我科这状态去马刺那个体系每场比赛打个20分钟，场均10分不是妥妥的');
INSERT INTO `comment` VALUES ('4064', '2670219913', '58397', 'C_3923227350904156', '這場比賽要罵，週六考完民訴就可以看聖誕大戰啦[转发]');
INSERT INTO `comment` VALUES ('4065', '2173583117', '58397', 'C_3923226914439017', '你大爷永远是你大爷[喵喵]');
INSERT INTO `comment` VALUES ('4066', '2958102691', '58397', 'C_3923226675159284', '回复 @JacksonTam0130 :说的跟只有科密才能看比赛一样，强行科密湖蜜划等号也是666');
INSERT INTO `comment` VALUES ('4067', '2677119141', '58397', 'C_3923226671540083', '没直播说个p[喵喵]');
INSERT INTO `comment` VALUES ('4068', '1769156662', '58397', 'C_3923226579174958', '科比怎么越大越好了，看来湖人的前三顺位危险了');
INSERT INTO `comment` VALUES ('4069', 'superice4', '58397', 'C_3923226244116423', '轰轰烈烈，传奇谢幕，后人膜拜，跪着回忆。[酷]');
INSERT INTO `comment` VALUES ('4070', '3335263352', '58397', 'C_3923225933468000', '再见，丹佛');
INSERT INTO `comment` VALUES ('4071', 'kobeLAbryant', '58397', 'C_3923225429763290', '一日资金 终身湖人');
INSERT INTO `comment` VALUES ('4072', '2032157895', '58397', 'C_3923225388298317', '呵呵');
INSERT INTO `comment` VALUES ('4073', '5705619153', '58397', 'C_3923225207537813', '回复 @CTJude :而且但凡你看湖人比赛就知道。科比现在都是以传球打战术为主。只有落后多了才是着自己攻。看看有多少剩5秒球攻不出去只能给科比勉强投的。迄今为止唯一打出特点的也就是拉塞尔有点传球的底子。其他人不是没给时间成长吧，上赛季科比报销给这些人的时间还少吗？');
INSERT INTO `comment` VALUES ('4074', '2749153085', '58397', 'C_3923225148768561', 'MVP.MVP.MVP');
INSERT INTO `comment` VALUES ('4075', 'bedlimit', '58397', 'C_3923225081324612', '若干年后，科比也会成为一个代名词，一种精神，一类人……');
INSERT INTO `comment` VALUES ('4076', 'tanpan0130', '58397', 'C_3923225081323364', '回复 @CTJude :比湖蜜还操心我湖的未来也是辛苦你了');
INSERT INTO `comment` VALUES ('4077', '3186411300', '58397', 'C_3923224641111247', '[威武] @列车去海边');
INSERT INTO `comment` VALUES ('4078', '5705619153', '58397', 'C_3923223898687482', '回复 @CTJude :既然你看了，就该知道湖人给兰德尔和拉塞尔都专门制定过挡拆战术。科比一度成为了顶点投手的角色。结果呢？拉塞尔攻击欲望就不强，兰德尔跑不出位置接不到球。看看科比不在的时候球大部分都是威廉姆斯和尼克杨去投，这就能成长了，给你战术你打不出来这也怨科比？');
INSERT INTO `comment` VALUES ('4079', '5365340512', '58397', 'C_3923222703393468', '再打一年好嘛？我还有一年大学毕业，希望你能陪伴我整个的读书时代。虽然我经常黑你，但是听到你要走，心里只剩下舍不得');
INSERT INTO `comment` VALUES ('4080', '1783521685', '58397', 'C_3923222669605368', '还有前半句，大妈不是以前的大妈，你大爷还是你大爷[威武]');
INSERT INTO `comment` VALUES ('4081', '2709732691', '58397', 'C_3923222548146339', '心疼掘金。明明是主场，却感觉在客场[哼]');
INSERT INTO `comment` VALUES ('4082', '2958102691', '58397', 'C_3923222426618970', '回复 @晓飞有理想001 :真不巧，今年转播的湖人比赛不说全部也有九成我都看过，几个新秀一组合上场就能打好配合，防守成功是不是不太现实了？讲道理肯定不是不投全传也绝不会是现在这样的出手，理想条件应该减少10次出手多给其它潜力新秀吧');
INSERT INTO `comment` VALUES ('4083', '2024988481', '58397', 'C_3923222032113158', '[赞][赞][赞]');
INSERT INTO `comment` VALUES ('4084', '1629601304', '58397', 'C_3923221717588189', '要想科比不退役，关键在杜兰特和威少，只要明年把科比不退役写入合同才加盟湖人，那就稳了[doge]');
INSERT INTO `comment` VALUES ('4085', '5705619153', '58397', 'C_3923220799097864', '回复 @CTJude :我就不明白，您是看过现在湖人的比赛吗？科比不在场，几个小孩连进攻套路都打不出来全是单打。防守更是带不起来。你自己去看看比赛，科比现在够照顾年轻球员的啦。你还让他怎么打，一个不投全传就对了？？？');
INSERT INTO `comment` VALUES ('4086', '1732370173', '58397', 'C_3923220569005088', '转发微博');
INSERT INTO `comment` VALUES ('4087', '1743212370', '58397', 'C_3923220543785116', '那个无所不能的蜗壳又回来了[太阳]');
INSERT INTO `comment` VALUES ('4088', 'rc24kb', '58397', 'C_3923220157623550', '回复 @CTJude :我同意你的说法 但是因为他是科比 剧本没办法按照你的意愿 好好看球吧 朋友');
INSERT INTO `comment` VALUES ('4089', 'uc71272379', '58397', 'C_3923220157880125', '当仁不让的领袖啊');
INSERT INTO `comment` VALUES ('4090', '2113241931', '58397', 'C_3923219947999241', '永不放弃不仅是指实力的基础，更主要是精神层面，有几位能做到？');
INSERT INTO `comment` VALUES ('4091', '5571253559', '58397', 'C_3923219629542898', '大爷V5');
INSERT INTO `comment` VALUES ('4092', '2875340352', '58397', 'C_3923219557662056', '科比从NBA退役之后可以去巴塞罗那篮球队，拿一个篮球欧冠冠军');
INSERT INTO `comment` VALUES ('4093', '2958102691', '58397', 'C_3923219466091998', '回复 @圆车RC24 :我说的均是指当前，科比是超巨没错，但现在已经是退役暮年，湖人两个赛季用在他的谢幕真的公平？尤其对拉塞尔，对兰德尔，对其它想进步发展的湖人球员，对渴望球队取胜的球迷。谢幕有很多种方式，个人观点，选择邓肯式养生篮球，选择加内特式新秀导师会比这样独英雄的表演有意义的多。');
INSERT INTO `comment` VALUES ('4094', '5566393136', '58397', 'C_3923219448544202', '76人在等待');
INSERT INTO `comment` VALUES ('4095', '5705619153', '58397', 'C_3923219335449286', '湖人最惨的不是今年，而是明年。明年连科比都不在了。阵容里到现在为止除了科比就没有一个带脑子打球的，进攻没主导，防守不积极。寄予希望的兰德尔，克拉克森，拉塞尔都不像是以后能够倚重的球员。湖人要想重新崛起起码得4到5个赛季吧。');
INSERT INTO `comment` VALUES ('4096', '2281762281', '58397', 'C_3923219326805165', '互粉');
INSERT INTO `comment` VALUES ('4097', '5155288116', '58397', 'C_3923219088061782', '回光反照');
INSERT INTO `comment` VALUES ('4098', '5245550159', '58397', 'C_3923218601434322', '[给力][威武]');
INSERT INTO `comment` VALUES ('4099', '5197523486', '58397', 'C_3923218441921346', '可怕');
INSERT INTO `comment` VALUES ('4100', 'taizikevin1989', '58397', 'C_3923218194532300', '老了');
INSERT INTO `comment` VALUES ('4101', '2722783531', '58397', 'C_3923217791596218', 'MVP！科比来中国再打一年吧');
INSERT INTO `comment` VALUES ('4102', 'rc24kb', '58397', 'C_3923216814611476', '回复 @CTJude :他是打了20年的老将 也许你说的没错 有些投篮选择不合理 你看一下湖人的配置 湖人巅峰的时候科比打得挺合理的。 还有他面对那样的防守 生涯能有45左右的命中率很不错了 你试问一下联盟中有谁试过科比那样的防守');
INSERT INTO `comment` VALUES ('4103', '3822761947', '58397', 'C_3923216588199813', '你大爷还是你大爷！！！[爱你][爱你][爱你][爱你][爱你]');
INSERT INTO `comment` VALUES ('4104', '1842280514', '58397', 'C_3923216537826685', '真心不能嘘，一嘘就来个30+[doge]');
INSERT INTO `comment` VALUES ('4105', 'adephoenix', '58397', 'C_3923216470438521', '科比还是科比，你大爷还是你大爷');
INSERT INTO `comment` VALUES ('4106', '2281686332', '58397', 'C_3923215372316779', '好棒');
INSERT INTO `comment` VALUES ('4107', '1798279201', '58397', 'C_3923215204242315', '你大爷还是你大爷？[哈哈]');
INSERT INTO `comment` VALUES ('4108', 'therealchenwen', '58397', 'C_3923214990785606', '喊 老大威武 的次数不多啦[酷]');
INSERT INTO `comment` VALUES ('4109', '2269926731', '58397', 'C_3923214834902924', '你大爷即使要准备退役也还是你大爷 [眼泪]');
INSERT INTO `comment` VALUES ('4110', '2958102691', '58397', 'C_3923214713442301', '输了就是轻描淡写的壮士暮年力不从心，赢了就是大肆宣传的威震联盟雄心不老；占有大量出手频繁打铁就是身体不足以支持技术动作，进了一个跳投就是依然后仰美如画，湖人两个几乎垫底的赛季被宣传成科比最后的表演，对其它渴望胜利的湖人球员球迷尤其新秀真的是莫大的不公。');
INSERT INTO `comment` VALUES ('4111', '2910504762', '58397', 'C_3923214700617762', '你大爷还是你大爷！[偷乐] @一婊人才坏青年');
INSERT INTO `comment` VALUES ('4112', '2175001147', '58397', 'C_3923214537146457', '喜欢永远这么拼的你');
INSERT INTO `comment` VALUES ('4113', '1280717437', '58397', 'C_3923214273474795', '瘦死的骆驼比马大...');
INSERT INTO `comment` VALUES ('4114', '2621346193', '58397', 'C_3923214042357839', '科比绝对不会打替补的，所以肯定要哄哄烈烈的退役了。');
INSERT INTO `comment` VALUES ('4115', 'ccc2014', '58397', 'C_3923213782494886', '后仰美如画');
INSERT INTO `comment` VALUES ('4116', '2742080897', '58397', 'C_3923213312177335', '我一直觉得科比明年退役是为了去巴萨踢球，后年回NBA继续打[眨眼]');
INSERT INTO `comment` VALUES ('4117', 'bravek', '58397', 'C_3923213098623616', '站着说再见');
INSERT INTO `comment` VALUES ('4118', '2011162223', '58397', 'C_3923212759427464', '穷人买不起会员，准备看重播');
INSERT INTO `comment` VALUES ('4119', '2166132200', '58397', 'C_3923212653689674', '果然，科比[good][good][good][good]');
INSERT INTO `comment` VALUES ('4120', '1955960755', '58397', 'C_3923212549512036', '就像当年我麦在CBA');
INSERT INTO `comment` VALUES ('4121', '3320565015', '58397', 'C_3923212482599316', '你大爷还是你大爷 [眼泪] 帅气 [眼泪] @24号小明');
INSERT INTO `comment` VALUES ('4122', '574313175', '58397', 'C_3923211945071458', '@管一圈 大爷还是那个熟悉的大爷');
INSERT INTO `comment` VALUES ('4123', '3046264415', '58397', 'C_3923211668682747', '牛逼啊，好好享受客场球员的呼声吧[鼓掌]');
INSERT INTO `comment` VALUES ('4124', '5566484335', '58397', 'C_3923211081445014', '哈哈。终于吃了顿饺子');
INSERT INTO `comment` VALUES ('4125', 'northland2011', '58397', 'C_3923211010072975', '[good]');
INSERT INTO `comment` VALUES ('4126', '1890817421', '58397', 'C_3923210833250419', '科大爷：亲爱的篮球，我发现我还能再打一年');
INSERT INTO `comment` VALUES ('4127', '2382079683', '58397', 'C_3923210288065252', '你咋不上天呢');
INSERT INTO `comment` VALUES ('4128', '1890948270', '58397', 'C_3923210154239874', '你的后仰似酒，让我如醉如狂…[威武][威武]');
INSERT INTO `comment` VALUES ('4129', '5780486960', '58397', 'C_3923210112014138', '回复 @郭嘉雯Lesley-Leslie :去他妈的篮球梦');
INSERT INTO `comment` VALUES ('4130', '376784863', '58397', 'C_3923209981863539', '老大就是牛[强]');
INSERT INTO `comment` VALUES ('4131', 'xiaojianfei1989', '58397', 'C_3923209843832795', '你大爷还是你大爷');
INSERT INTO `comment` VALUES ('4132', '1920719763', '58397', 'C_3923209810002862', '大爷不老。');
INSERT INTO `comment` VALUES ('4133', '1906650015', '58397', 'C_3923209738634662', '退NMB，起来嗨！');
INSERT INTO `comment` VALUES ('4134', '1285759963', '58397', 'C_3923209689051078', '输了就归咎年纪，偶尔赢一场就你大爷，吹到天上有地下无，媒体一直在误导群众！这对其他球员很不公平！');
INSERT INTO `comment` VALUES ('4135', '2118561177', '58397', 'C_3923209398835550', '说不定过几天宣布，大爷还可以打两个赛季[眼泪]');
INSERT INTO `comment` VALUES ('4136', '1850861754', '58397', 'C_3923209285752671', '毕竟年龄大了，能有这样的成绩，就是超乎寻常的表现了。能把区个赛期坚持下去，就是超人，地道的超级明星');
INSERT INTO `comment` VALUES ('4137', '1303772755', '58397', 'C_3923208992974657', '再打俩赛季呗[作揖]');
INSERT INTO `comment` VALUES ('4138', '2505272994', '58397', 'C_3923208879030616', '老兵不死，只有凋零');
INSERT INTO `comment` VALUES ('4139', 'ericnickyoung', '58397', 'C_3923208862238145', '科比加油[左上](^ω^)[右上]');
INSERT INTO `comment` VALUES ('4140', '2166062870', '58397', 'C_3923208786930945', '今年，整个美国都是他的主场');
INSERT INTO `comment` VALUES ('4141', '2282516193', '58397', 'C_3923208686389090', '还退役?我不同意了！！除非，咱离！');
INSERT INTO `comment` VALUES ('4142', '3748156884', '58397', 'C_3923208388594166', '你大爷还是你大爷！');
INSERT INTO `comment` VALUES ('4143', 'xiayu1573', '58397', 'C_3923208283207578', '从上学时代到人到中年，事事忙碌已不怎么看NBA，但逢湖人比赛还是看看，就为了看看科比，看着看着有时候觉得悲凉，但还是看，只想着万一哪场他又爆发一次呢');
INSERT INTO `comment` VALUES ('4144', 'yimo13', '58397', 'C_3923208211841742', '哈哈哈！');
INSERT INTO `comment` VALUES ('4145', '1001788214', '58397', 'C_3923207721496744', '然而斯科特并没有开心的表情');
INSERT INTO `comment` VALUES ('4146', '1776625723', '58397', 'C_3923207469627226', '[威武][威武][威武][威武][威武]');
INSERT INTO `comment` VALUES ('4147', '5773733900', '58397', 'C_3923207377273530', '你本来不该这么早就决定退役的[悲伤]');
INSERT INTO `comment` VALUES ('4148', 'qmxh2010', '58397', 'C_3923207088618878', '你大爷还是你大爷');
INSERT INTO `comment` VALUES ('4149', '2308425054', '58397', 'C_3923206790827084', '打的不好的时候就说老了，打的好就这样说你大爷');
INSERT INTO `comment` VALUES ('4150', '5745857212', '58397', 'C_3923206614317046', '你的后仰没有酒，我却醉的像条狗');
INSERT INTO `comment` VALUES ('4151', 'tongbobo', '58397', 'C_3923206572595618', '不管是31还是13。健康就好。');
INSERT INTO `comment` VALUES ('4152', '1265070597', '58397', 'C_3923206479712169', '斯科特：说好的状元签呢。。落后21分也能赢。。日了狗了');
INSERT INTO `comment` VALUES ('4153', '2212234313', '58397', 'C_3923206463438257', '@怎么不微笑');
INSERT INTO `comment` VALUES ('4154', '2282125267', '58397', 'C_3923206413268679', '再打三年[doge] @So_CLASSIC');
INSERT INTO `comment` VALUES ('4155', '3181520230', '58397', 'C_3923206308570607', '＊[祈祷]＊');
INSERT INTO `comment` VALUES ('4156', 'hmilyzheng', '58397', 'C_3923206136214317', '给跪');
INSERT INTO `comment` VALUES ('4157', 'xiaxiaozhou1023', '58397', 'C_3923205993971576', '我永远的MVP[心]');
INSERT INTO `comment` VALUES ('4158', 'kwameyang', '58397', 'C_3923205859384519', '回复 @回忆青春n :记得他有说过，他不会在这个联盟拿个场均十几分而“赖”着不走。他就是偏执啊，他觉得自己达不到自己的要求，便退了。唉');
INSERT INTO `comment` VALUES ('4159', 'bigboysky', '58397', 'C_3923205787800992', '今年宣布退役，明年宣布复出。');
INSERT INTO `comment` VALUES ('4160', 'linyin86', '58397', 'C_3923205717114138', '你大爷还是你大爷！');
INSERT INTO `comment` VALUES ('4161', '3840703629', '58397', 'C_3923205611470216', '看一场，少一场[泪]');
INSERT INTO `comment` VALUES ('4162', '2520085572', '58397', 'C_3923205184254913', '真棒，要不要那么牛炸了…[心]咱别退了哈…[爱你]');
INSERT INTO `comment` VALUES ('4163', 'recalland', '58397', 'C_3923205179627925', '@李易峰 你看！！！');
INSERT INTO `comment` VALUES ('4164', '2299460145', '58397', 'C_3923204948711209', '让卡戴珊家族滚出NBA栏目！我们是看篮球，不是看肉的！');
INSERT INTO `comment` VALUES ('4165', '5785578555', '58397', 'C_3923204927719089', '短小，秒射，不举的看我id，鸟枪换炮[色][色][色][色][色][色]');
INSERT INTO `comment` VALUES ('4166', '2793067557', '58397', 'C_3923204701570371', '退尼玛役[眼泪]');
INSERT INTO `comment` VALUES ('4167', 'baggiolyx', '58397', 'C_3923204437341332', '[色][色][色][good][good][good]你大爷还是你大爷');
INSERT INTO `comment` VALUES ('4168', 'yaoyangandarron', '58397', 'C_3923204433142165', '就是6！');
INSERT INTO `comment` VALUES ('4169', 'mickydanlin', '58397', 'C_3923204261705055', '[good]');
INSERT INTO `comment` VALUES ('4170', '2730504403', '58397', 'C_3923204231886478', '看科比带队进季后赛。');
INSERT INTO `comment` VALUES ('4171', '2043755691', '58397', 'C_3923204206848950', '评论里西蒙斯是谁啊？？');
INSERT INTO `comment` VALUES ('4172', '5748609416', '58397', 'C_3923204126934738', '上天了上天了');
INSERT INTO `comment` VALUES ('4173', '2599291553', '58397', 'C_3923204072755757', '蜗壳转会去马刺轮休夺冠');
INSERT INTO `comment` VALUES ('4174', '2352910811', '58397', 'C_3923203967789198', '你大爷永远是你大爷');
INSERT INTO `comment` VALUES ('4175', 'GHFfengshao', '58397', 'C_3923203888012330', '[doge]老大说把命中率拉回来再退役');
INSERT INTO `comment` VALUES ('4176', 'yuli6', '58397', 'C_3923203438989539', 'MVP KOBE BRYANT24#');
INSERT INTO `comment` VALUES ('4177', '808091089', '58397', 'C_3923203367883190', '一到丹佛就憋不住啊');
INSERT INTO `comment` VALUES ('4178', '5794672999', '58397', 'C_3923202977714133', '[怒][怒][怒][怒]赞！我！有福利！啪啪！[怒][怒][怒][怒]');
INSERT INTO `comment` VALUES ('4179', '3778025611', '58397', 'C_3923202948065844', '唯一不满的就是腾讯把湖人比赛会员直播');
INSERT INTO `comment` VALUES ('4180', '2039565567', '58397', 'C_3923202734752475', '你大爺還是你大爺[笑cry]');
INSERT INTO `comment` VALUES ('4181', '2828877162', '58397', 'C_3923202705370549', '回复 @让姐姐来好好疼爱你 :这评论好贱！');
INSERT INTO `comment` VALUES ('4182', '5656488636', '58397', 'C_3923202520631812', '完美！ #李易峰# [good]');
INSERT INTO `comment` VALUES ('4183', '3922480896', '58397', 'C_3923202382085143', '评论比比赛精彩多了，我就爱看评论。');
INSERT INTO `comment` VALUES ('4184', '1745529104', '58397', 'C_3923202227405235', '燃尽了青春的你，还能给我们带来这样的惊喜，无奈的球迷希望你平安退役，却也盼着你再次飞翔');
INSERT INTO `comment` VALUES ('4185', '1686025527', '58397', 'C_3923202155630911', '读这条读的我都感动了！我今天晚上要看一遍录像！就这么决定了！[hold住]老大您这样还想退役？为毛不再打二十年！[泪]');
INSERT INTO `comment` VALUES ('4186', '3075887272', '58397', 'C_3923202126241382', '我一再强调，你大爷永远是你大爷');
INSERT INTO `comment` VALUES ('4187', '3270085110', '58397', 'C_3923202021972891', '觉得现在科黑少了好多哟呦呦～');
INSERT INTO `comment` VALUES ('4188', '1609516717', '58397', 'C_3923201748998463', '[纠结][噢耶]这不是一个大爷该有的表现啊');
INSERT INTO `comment` VALUES ('4189', '5553664093', '58397', 'C_3923201656585250', '@李易峰');
INSERT INTO `comment` VALUES ('4190', '2012846125', '58397', 'C_3923201572424851', '唯美3+1！你大爷，还是你大爷。');
INSERT INTO `comment` VALUES ('4191', 'wangyunchen', '58397', 'C_3923201559831497', '回复 @duang_李小凡 :我觉得也是[嘻嘻]过年前后赶紧聚起来！');
INSERT INTO `comment` VALUES ('4192', '1909976741', '58397', 'C_3923201538840098', '回复 @Kris_vnzj :互粉下，谢谢');
INSERT INTO `comment` VALUES ('4193', '2870122710', '58397', 'C_3923201522883662', '我科还是我科，要不再打一年吧[嘻嘻]');
INSERT INTO `comment` VALUES ('4194', '5642071954', '58397', 'C_3923201501053238', '还有谁[拜拜]');
INSERT INTO `comment` VALUES ('4195', '5551862018', '58397', 'C_3923201417576513', '回光返照[挖鼻]');
INSERT INTO `comment` VALUES ('4196', '2577446217', '58397', 'C_3923201383510579', '回复 @veraaaachen :我前两天和刘家琛打扑克他还说到你快去德国了，我觉得咱们该小聚一下');
INSERT INTO `comment` VALUES ('4197', '2805370313', '58397', 'C_3923201312407688', '我科帅死了，哈哈哈');
INSERT INTO `comment` VALUES ('4198', '1730553495', '58397', 'C_3923201279647796', '科比表示，别以为我老了就怕谁了，你大爷狠起来大爷自己都会怕');
INSERT INTO `comment` VALUES ('4199', 'andikwun', '58397', 'C_3923201052555369', '再来一年！');
INSERT INTO `comment` VALUES ('4200', 'wangyunchen', '58397', 'C_3923201052554434', '回复 @duang_李小凡 :虽然好多年不看球了 但还是记得当年的事儿[泪]觉不觉得特美好 十年前的事儿咱们都记得这么清楚 你喜欢俞思远biz[哈哈]');
INSERT INTO `comment` VALUES ('4201', '2572514335', '58397', 'C_3923201040284574', '可以[酷]');
INSERT INTO `comment` VALUES ('4202', '921020123', '58397', 'C_3923201019294867', '是时候跳一波60e了[doge]');
INSERT INTO `comment` VALUES ('4203', '2124110251', '58397', 'C_3923200603913916', '我老科');
INSERT INTO `comment` VALUES ('4204', '3030981042', '58397', 'C_3923200449180085', '必须退役， 再让你打两年你还上天了你还！ 科比退役最伤心的应该是科黑， 再也不会有那么多人跟他们对骂了， 再也也不能靠黑科比提升自己的存在感了，真替他们伤心');
INSERT INTO `comment` VALUES ('4205', '2577446217', '58397', 'C_3923200306051485', '@veraaaachen');
INSERT INTO `comment` VALUES ('4206', '5631871328', '58397', 'C_3923200260262944', '这场比赛没能看，伤痛[悲伤][悲伤][悲伤]');
INSERT INTO `comment` VALUES ('4207', '20110627b', '58397', 'C_3923200172031741', '@李易峰');
INSERT INTO `comment` VALUES ('4208', '3848299830', '58397', 'C_3923200096034105', '吹一年系列[doge]');
INSERT INTO `comment` VALUES ('4209', '5177739344', '58397', 'C_3923200046423520', 'espn给科比的排名多少来着？');
INSERT INTO `comment` VALUES ('4210', '2259007057', '58397', 'C_3923199983122049', '飞侠老了照样能飞');
INSERT INTO `comment` VALUES ('4211', '208886956', '58397', 'C_3923199907883179', '看一场少一场的节奏');
INSERT INTO `comment` VALUES ('4212', '2945582380', '58397', 'C_3923199827706306', '[泪][泪]');
INSERT INTO `comment` VALUES ('4213', '2191720403', '58397', 'C_3923199349292435', '讨厌倒计时的感觉');
INSERT INTO `comment` VALUES ('4214', '5604976102', '58397', 'C_3923199328640716', '科比还是原来的科比[威武]');
INSERT INTO `comment` VALUES ('4215', '5317634559', '58397', 'C_3923199278257550', '牛逼[good]');
INSERT INTO `comment` VALUES ('4216', '5517834911', '58397', 'C_3923199160645317', '我给你买个窜天猴吧[doge]');
INSERT INTO `comment` VALUES ('4217', '3514801630', '58397', 'C_3923199152575810', '湖人队的24号是谁啊？这么厉害啊');
INSERT INTO `comment` VALUES ('4218', '5374226720', '58397', 'C_3923199106074030', '还是那个熟悉的味道');
INSERT INTO `comment` VALUES ('4219', '2143995980', '58397', 'C_3923199077627645', '你大爷还是你大爷[哈哈][哈哈][哈哈]');
INSERT INTO `comment` VALUES ('4220', 'wdowen', '58397', 'C_3923198888711633', '有没科比下赛季不退役的赔率，我买不退');
INSERT INTO `comment` VALUES ('4221', '5296175652', '58397', 'C_3923198729439829', '你大爷还是你大爷[doge]');
INSERT INTO `comment` VALUES ('4222', 'rouuanli9', '58397', 'C_3923198548578028', '廉颇未老');
INSERT INTO `comment` VALUES ('4223', '1875587945', '58397', 'C_3923198397148748', '掘金小伙今天被蜗壳教做人了');
INSERT INTO `comment` VALUES ('4224', '5336285532', '58397', 'C_3923198272290284', '我科不老，威武长存');
INSERT INTO `comment` VALUES ('4225', '1849243865', '58397', 'C_3923198129453988', '性浪这么喜欢你大爷[笑cry]');
INSERT INTO `comment` VALUES ('4226', 'rohoo', '58397', 'C_3923198103815018', '最后一年的疯狂，看一场少一场。');
INSERT INTO `comment` VALUES ('4227', '1643860343', '58397', 'C_3923198087530020', '依旧是神！！！！');
INSERT INTO `comment` VALUES ('4228', '2720345145', '58397', 'C_3923197885961702', '厉害');
INSERT INTO `comment` VALUES ('4229', 'loveyefujian', '58397', 'C_3923197840088885', '[哆啦A梦吃惊][哆啦A梦吃惊][哆啦A梦吃惊]');
INSERT INTO `comment` VALUES ('4230', 'rabacca940731', '58397', 'C_3923197730892090', '你大爷就算老了就算要退役了，依旧是你大爷');
INSERT INTO `comment` VALUES ('4231', '1727384517', '58397', 'C_3923197647228959', '掘金自己作死。[doge]');
INSERT INTO `comment` VALUES ('4232', '5102888374', '58397', 'C_3923197470407416', '你大爷还是你大爷……这标题......');
INSERT INTO `comment` VALUES ('4233', '3692194023', '58397', 'C_3923197320018685', '科大爷就是科大爷！');
INSERT INTO `comment` VALUES ('4234', '1064284231', '58397', 'C_3923197109636230', '麻痹连续两天要吃饺子，有本事明天再让我吃[哈哈]');
INSERT INTO `comment` VALUES ('4235', '1742840607', '58397', 'C_3923196744663345', '回复 @昕弃急 :现在退是最好的选择 站着离开 总比真的打不了了再离开好');
INSERT INTO `comment` VALUES ('4236', 'mugogogo', '58397', 'C_3923196715583681', '又如何？');
INSERT INTO `comment` VALUES ('4237', '1913320137', '58397', 'C_3923196635817536', '[赞]可惜没办法看到你现场打球');
INSERT INTO `comment` VALUES ('4238', '2246361550', '58397', 'C_3923196606431476', '[哈哈]');
INSERT INTO `comment` VALUES ('4239', '835465869', '58397', 'C_3923196597991768', '嘴上说着不打了，身体倒是挺诚实的嘛，现在科比到哪儿都是主场。。。。。。。。。。。。。。[笑cry]');
INSERT INTO `comment` VALUES ('4240', '3618411024', '58397', 'C_3923196476536684', 'MVP');
INSERT INTO `comment` VALUES ('4241', '2527635664', '58397', 'C_3923196459442938', '歇了一年了，状态正在一点点的找回[挖鼻]');
INSERT INTO `comment` VALUES ('4242', 'cpiao', '58397', 'C_3923196346340214', '转发微博');
INSERT INTO `comment` VALUES ('4243', '5276038550', '58397', 'C_3923196305041840', '宁可看他投1000次中一，也不愿意看到2中一的科比。');
INSERT INTO `comment` VALUES ('4244', '1700527920', '58397', 'C_3923196283973909', '[doge]你大爷还是你大爷。');
INSERT INTO `comment` VALUES ('4245', '1089138874', '58397', 'C_3923196275576185', '我觉得科比明年退役是为了去巴萨踢球 后年回NBA继续打');
INSERT INTO `comment` VALUES ('4246', '2170168630', '58397', 'C_3923196053002802', '你大爷还是你大爷，这句什么鬼');
INSERT INTO `comment` VALUES ('4247', '5650282296', '58397', 'C_3923196002331086', '回复 @凉陌古城少年 :[泪]');
INSERT INTO `comment` VALUES ('4248', '1954437017', '58397', 'C_3923195964546342', '蜗壳还是蜗壳');
INSERT INTO `comment` VALUES ('4249', '2684886431', '58397', 'C_3923195960645235', '@言若默默 科比跳投依旧美如画');
INSERT INTO `comment` VALUES ('4250', 'alexchen1989', '58397', 'C_3923195944150773', '卧槽');
INSERT INTO `comment` VALUES ('4251', '5650282296', '58397', 'C_3923195939651125', '回复 @格雷_Sama :濒临退役也比90%的球员强');
INSERT INTO `comment` VALUES ('4252', '2495982951', '58397', 'C_3923195763926134', 'nb[good][good][good][good]');
INSERT INTO `comment` VALUES ('4253', '1116062844', '58397', 'C_3923195696709762', '科比，[good][威武][威武][威武][威武]');
INSERT INTO `comment` VALUES ('4254', 'leona8', '58397', 'C_3923195687710400', '[哈哈]你大爷还是你大爷~');
INSERT INTO `comment` VALUES ('4255', '2251239734', '58397', 'C_3923195658319026', 'MVPMVPMVP');
INSERT INTO `comment` VALUES ('4256', '1853180663', '58397', 'C_3923195570420110', '@J0ECHENG');
INSERT INTO `comment` VALUES ('4257', 'ozilkobe', '58397', 'C_3923195532678968', '完美！[哆啦A梦花心][哆啦A梦花心][哆啦A梦花心] @李易峰');
INSERT INTO `comment` VALUES ('4258', 'shijiezhida2012', '58397', 'C_3923195465462395', '我觉得科比之后再无科比');
INSERT INTO `comment` VALUES ('4259', '3236734962', '58397', 'C_3923195314330334', '小飞侠，力不从心了。');
INSERT INTO `comment` VALUES ('4260', '1929976940', '58397', 'C_3923195247467082', '回复 @雷行天下也 :再打一年不还得退役，科比也累');
INSERT INTO `comment` VALUES ('4261', '5763524361', '58397', 'C_3923195213833657', '作为一个半专业的科黑，不得不说虽然我不喜欢科比，不过确实十分尊敬和佩服这种人！黑了十多年，直到现在未在联盟中发现有能继承科比的球员，他所有华丽的动作其实都是扎实的基本功！至于说哈登能继承科比……在科比面前，连黑他都懒得黑！');
INSERT INTO `comment` VALUES ('4262', '2516529731', '58397', 'C_3923195189016519', '当年刚看nba科比还30分40分的刷数据，现在都被叫大爷了。。');
INSERT INTO `comment` VALUES ('4263', '2196634493', '58397', 'C_3923195151493885', '回复 @雷行天下也 :这状态还退个屁啊');
INSERT INTO `comment` VALUES ('4264', '2657236332', '58397', 'C_3923195142462508', '去马刺打10分钟就能场均20分。。。。[doge][doge][doge]');
INSERT INTO `comment` VALUES ('4265', '5239115061', '58397', 'C_3923195109188490', '一身转战三千里，一剑曾当百万师。——唐●王维《老将行》');
INSERT INTO `comment` VALUES ('4266', '5383938440', '58397', 'C_3923195100480944', '科比就是科比');
INSERT INTO `comment` VALUES ('4267', 'lilihandsome', '58397', 'C_3923195071092808', '科大爷在掘金的主场成功逆袭， 无论是手感还是后仰跳投， 科大爷都是球场上的王者， 让我们一起高喊mvpmvp，');
INSERT INTO `comment` VALUES ('4268', '2456952750', '58397', 'C_3923195067529422', '巴顿回家后撕掉了墙上所有科比的海报 恶狠狠的说道 去你妈的篮球梦');
INSERT INTO `comment` VALUES ('4269', '5679103734', '58397', 'C_3923195024905193', '@王芮芮芮芮');
INSERT INTO `comment` VALUES ('4270', '5627696654', '58397', 'C_3923195004222272', '这儿可是丹佛啊！');
INSERT INTO `comment` VALUES ('4271', '1806133401', '58397', 'C_3923194974782029', '[泪]你大爷还是你大爷');
INSERT INTO `comment` VALUES ('4272', '2586778127', '58397', 'C_3923194966695120', '老头子 好棒[好棒]');
INSERT INTO `comment` VALUES ('4273', 'lvjie616', '58397', 'C_3923194874329593', '2003年以后，科罗拉多州的人不是每次都会嘘他么，看来他们心里是爱他，舍不得他的。。[悲伤][悲伤]');
INSERT INTO `comment` VALUES ('4274', '2162943563', '58397', 'C_3923194853957336', '[赞啊][赞啊][赞啊]');
INSERT INTO `comment` VALUES ('4275', '2596349741', '58397', 'C_3923194794565359', '别介啊，湖人离西蒙斯越来越远了');
INSERT INTO `comment` VALUES ('4276', '2240834493', '58397', 'C_3923194765536354', '@LA小麦狗 响彻丹佛的什么？嗯？[酷][酷]');
INSERT INTO `comment` VALUES ('4277', '1456455461', '58397', 'C_3923194690225141', '转发微博');
INSERT INTO `comment` VALUES ('4278', 'greatchenwei', '58397', 'C_3923194622696277', '转发微博');
INSERT INTO `comment` VALUES ('4279', '5238898230', '58397', 'C_3923194597193361', '[强][强][强]');
INSERT INTO `comment` VALUES ('4280', '5794672999', '58397', 'C_3923194567808569', '[怒][怒][怒][怒]赞！我！有福利！啪啪！[怒][怒][怒][怒]');
INSERT INTO `comment` VALUES ('4281', '5664847533', '58397', 'C_3923194492563180', '赞赞赞');
INSERT INTO `comment` VALUES ('4282', '3848150234', '58397', 'C_3923194442135690', '能看一场科比的比赛是一场 别以后后悔！');
INSERT INTO `comment` VALUES ('4283', '1820670517', '58397', 'C_3923194408549377', '毕竟你大爷');
INSERT INTO `comment` VALUES ('4284', '3864250698', '58397', 'C_3923194345581744', '科大爷求你再打一年吧[泪]');
INSERT INTO `comment` VALUES ('4285', '1905973667', '58397', 'C_3923194337565087', '我科还可以再打3年！~！');
INSERT INTO `comment` VALUES ('4286', '5413207591', '58397', 'C_3923194332986952', '美如画[赞]');
INSERT INTO `comment` VALUES ('4287', '2447242461', '58397', 'C_3923194300293304', '这才是真正的你');
INSERT INTO `comment` VALUES ('4288', '3911392664', '58397', 'C_3923194279044117', '回复 @-Perfect_驹 :不，他其实是排在平均水平的');
INSERT INTO `comment` VALUES ('4289', '2785689494', '58397', 'C_3923194261620494', 'MVP');
INSERT INTO `comment` VALUES ('4290', '2611250617', '58397', 'C_3923194258049757', '没的说 就是牛逼');
INSERT INTO `comment` VALUES ('4291', '5492108439', '58397', 'C_3923194215750097', '我科辉煌，恍如昨日。');
INSERT INTO `comment` VALUES ('4292', '3549029840', '58397', 'C_3923194202852459', '我大爷还是我大爷');
INSERT INTO `comment` VALUES ('4293', '3974759753', '58397', 'C_3923194182167017', '毕竟是大爷，偶尔闪光成了新闻[doge]');
INSERT INTO `comment` VALUES ('4294', '2406320242', '58397', 'C_3923194169265894', '他是个排在93的球员');
INSERT INTO `comment` VALUES ('4295', '2039934751', '58397', 'C_3923194165372727', '我科这状态去马刺那个体系每场比赛打个20分钟，场均10分不是妥妥的');
INSERT INTO `comment` VALUES ('4296', '2690892713', '58397', 'C_3923194148583762', '被新浪体育笑死了[笑cry][笑cry][笑cry]“你大爷还是你大爷”');
INSERT INTO `comment` VALUES ('4297', '5650282296', '58397', 'C_3923194135989897', '亿人血书求科比再打一年');
INSERT INTO `comment` VALUES ('4298', '500122088', '58397', 'C_3923194111062964', '还是厉害，希望他去里约奥运会');
INSERT INTO `comment` VALUES ('4299', '2513697101', '58397', 'C_3923194060381755', '事实证明 你大爷还是你大爷');
INSERT INTO `comment` VALUES ('4300', '1780662434', '58397', 'C_3923194018394542', '转天大爷宣布继续打[doge]');
INSERT INTO `comment` VALUES ('4301', '5233828463', '58397', 'C_3923194006101246', '斗志始终没变');
INSERT INTO `comment` VALUES ('4302', '1978322770', '58397', 'C_3923194002460565', '大爷就是大爷[赞]');
INSERT INTO `comment` VALUES ('4303', '2811944850', '58397', 'C_3923193888503818', '科比退役信手机壳 热销中 要的私 全网独家 http://t.cn/R4GZ8v2');
INSERT INTO `comment` VALUES ('4304', '2690350412', '58397', 'C_3923193808734377', '今天恍如昨日');
INSERT INTO `comment` VALUES ('4305', '5221114242', '58397', 'C_3923193771230227', '[汗]好久不见');
INSERT INTO `comment` VALUES ('4306', 'JiaQianNan', '58397', 'C_3923193758351736', '事实证明 你大爷还是你大爷');
INSERT INTO `comment` VALUES ('4307', 'yangyang00', '58397', 'C_3923193745756215', '大爷你好');
INSERT INTO `comment` VALUES ('4308', '2956357161', '58397', 'C_3923193742432362', '沃克[可爱][可爱]');
INSERT INTO `comment` VALUES ('4309', '3190148270', '58399', 'C_3923227988833464', '去掉耐克[拜拜]');
INSERT INTO `comment` VALUES ('4310', '1738106945', '58399', 'C_3923227699206577', '已存[doge][doge]');
INSERT INTO `comment` VALUES ('4311', '1756724077', '58401', 'C_3923227921411578', '大声点！你要退役？31分你要退役？！ @KobeBryant');
INSERT INTO `comment` VALUES ('4312', '1712161125', '58401', 'C_3923227879108890', '不要退役啦 帮湖人多拿几个状元');
INSERT INTO `comment` VALUES ('4313', '228428506', '58401', 'C_3923227816150774', '谁还敢说湖人因为科比而战绩差 [怒骂]');
INSERT INTO `comment` VALUES ('4314', 'huisaphoto', '58401', 'C_3923227812537140', '确实可以再打一年');
INSERT INTO `comment` VALUES ('4315', '2619526855', '58401', 'C_3923227753375813', '你大爷还是你大爷');
INSERT INTO `comment` VALUES ('4316', '2735448751', '58401', 'C_3923227732388710', '老公說，今晚有多少oooo贊就來幾次，不要多了6個就oooo夠了[太开心][太开心][钱][钱][闭嘴][闭嘴][偷笑]');
INSERT INTO `comment` VALUES ('4317', '2348628117', '58401', 'C_3923227728001271', '人家都说绝不更改了，就别意淫了，非要烂到任人骑在身上才肯走吗');
INSERT INTO `comment` VALUES ('4318', '5521402789', '58401', 'C_3923227703005949', '确实早了点[爱你]');
INSERT INTO `comment` VALUES ('4319', '5137570021', '58401', 'C_3923227661293158', '你大爷永远是你大爷[doge]');
INSERT INTO `comment` VALUES ('4320', '1553795695', '58401', 'C_3923227589934834', '科比再打一年吧，把湖人坑到死就好');
INSERT INTO `comment` VALUES ('4321', 'zyx2008', '58401', 'C_3923227585290083', '反悔不退役了');
INSERT INTO `comment` VALUES ('4322', '2044390483', '58401', 'C_3923227573144916', '这是要退役的节奏吗');
INSERT INTO `comment` VALUES ('4323', '5800328311', '58413', 'C_3923225085806092', '我突然想起一件很重要的事情，有关今天老科的表现！ 我看了下老科第二节没上，三节31分！');
INSERT INTO `comment` VALUES ('4324', '2644931043', '58413', 'C_3923224650011067', '科比：求你们了。。。。真的别再问了。。我肠子悔青了已经');
INSERT INTO `comment` VALUES ('4325', '5225349035', '58413', 'C_3923226893774478', '教巴顿好好做人了，尽管他最近状态火爆');
INSERT INTO `comment` VALUES ('4326', 'linyin86', '58413', 'C_3923226507512655', '转发微博');
INSERT INTO `comment` VALUES ('4327', '5378319414', '58413', 'C_3923226411766109', '科比：别问了 我去打一年棒球再回来[微笑]');
INSERT INTO `comment` VALUES ('4328', '5525129303', '58413', 'C_3923226306561582', '精品球衣，找我找我 http://t.cn/R4GUCaa');
INSERT INTO `comment` VALUES ('4329', '2095020462', '58413', 'C_3923226184655933', '看你最后一次全明星首发~');
INSERT INTO `comment` VALUES ('4330', '2102782205', '58413', 'C_3923226167775199', '20年了，身体真的到了极限，好好休息吧，我的信仰');
INSERT INTO `comment` VALUES ('4331', '2862399692', '58413', 'C_3923226164095214', '唠叨不是没有能力得高分，以前随随便便就能得个高分，身体不累，现在得了高分，身体很累，年纪大了不得不面对的事实。');
INSERT INTO `comment` VALUES ('4332', '1629601304', '58413', 'C_3923225811523942', '要想科比不退役，关键在杜兰特和威少，只要明年把科比不退役写入合同才加盟湖人，那就稳了[doge]');
INSERT INTO `comment` VALUES ('4333', '5608466307', '58413', 'C_3923225639404227', '科比：退役其实是我自己骗自己的[doge]看国内外[篮球]动图视频，[向右] @篮球动图大全');
INSERT INTO `comment` VALUES ('4334', '575599216', '58413', 'C_3923225375705205', '身体真的累了，无关于能不能打好');
INSERT INTO `comment` VALUES ('4335', '1692305440', '58413', 'C_3923225321396304', 'One more year');
INSERT INTO `comment` VALUES ('4336', '5119533057', '58413', 'C_3923225232438828', '职业生涯末期，还能逐步调整状态，精神令人敬佩，只不过身体实在不适合征战下赛季了');
INSERT INTO `comment` VALUES ('4337', '5800328311', '58413', 'C_3923225085806092', '我突然想起一件很重要的事情，有关今天老科的表现！ 我看了下老科第二节没上，三节31分！');
INSERT INTO `comment` VALUES ('4338', 'miaomai', '58413', 'C_3923225081321925', '今晚组织的真不错');
INSERT INTO `comment` VALUES ('4339', '5063622747', '58413', 'C_3923224880925040', '资源群。要的加[微笑][微笑][微笑]');
INSERT INTO `comment` VALUES ('4340', '2644931043', '58413', 'C_3923224650011067', '科比：求你们了。。。。真的别再问了。。我肠子悔青了已经');
INSERT INTO `comment` VALUES ('4341', '601298244', '58413', 'C_3923224595437208', '再多一个赛季吧 科比');
INSERT INTO `comment` VALUES ('4342', '2719578520', '58413', 'C_3923224499203464', '老公說，今晚oooo有多少贊就來幾次，不要多了6個oooo就夠了[太开心][太开心][钱][钱][闭嘴][闭嘴][偷笑]');
INSERT INTO `comment` VALUES ('4343', '2679361757', '58414', 'C_3923225220130868', '蜗壳渐渐复苏了……');

-- ----------------------------
-- Table structure for relation
-- ----------------------------
DROP TABLE IF EXISTS `relation`;
CREATE TABLE `relation` (
  `uid1` varchar(255) DEFAULT NULL,
  `uid2` varchar(255) DEFAULT NULL,
  `num` int(11) DEFAULT NULL
) ENGINE=InnoDB DEFAULT CHARSET=utf8;

-- ----------------------------
-- Records of relation
-- ----------------------------
INSERT INTO `relation` VALUES ('sportschannel', '2308425054', '2');
INSERT INTO `relation` VALUES ('sportschannel', '5296175652', '2');
INSERT INTO `relation` VALUES ('sportschannel', '2039934751', '2');
INSERT INTO `relation` VALUES ('sportschannel', '2670219913', '1');
INSERT INTO `relation` VALUES ('sportschannel', '2173583117', '1');
INSERT INTO `relation` VALUES ('sportschannel', '2958102691', '4');
INSERT INTO `relation` VALUES ('sportschannel', '2677119141', '1');
INSERT INTO `relation` VALUES ('sportschannel', '1769156662', '1');
INSERT INTO `relation` VALUES ('sportschannel', 'superice4', '1');
INSERT INTO `relation` VALUES ('sportschannel', '3335263352', '1');
INSERT INTO `relation` VALUES ('sportschannel', 'kobeLAbryant', '1');
INSERT INTO `relation` VALUES ('sportschannel', '2032157895', '1');
INSERT INTO `relation` VALUES ('sportschannel', '5705619153', '4');
INSERT INTO `relation` VALUES ('sportschannel', '2749153085', '1');
INSERT INTO `relation` VALUES ('sportschannel', 'bedlimit', '1');
INSERT INTO `relation` VALUES ('sportschannel', 'tanpan0130', '1');
INSERT INTO `relation` VALUES ('sportschannel', '3186411300', '1');
INSERT INTO `relation` VALUES ('sportschannel', '5365340512', '1');
INSERT INTO `relation` VALUES ('sportschannel', '1783521685', '1');
INSERT INTO `relation` VALUES ('sportschannel', '2709732691', '1');
INSERT INTO `relation` VALUES ('sportschannel', '2024988481', '1');
INSERT INTO `relation` VALUES ('sportschannel', '1629601304', '1');
INSERT INTO `relation` VALUES ('sportschannel', '1732370173', '1');
INSERT INTO `relation` VALUES ('sportschannel', '1743212370', '1');
INSERT INTO `relation` VALUES ('sportschannel', 'rc24kb', '2');
INSERT INTO `relation` VALUES ('sportschannel', 'uc71272379', '1');
INSERT INTO `relation` VALUES ('sportschannel', '2113241931', '1');
INSERT INTO `relation` VALUES ('sportschannel', '5571253559', '1');
INSERT INTO `relation` VALUES ('sportschannel', '2875340352', '1');
INSERT INTO `relation` VALUES ('sportschannel', '5566393136', '1');
INSERT INTO `relation` VALUES ('sportschannel', '2281762281', '1');
INSERT INTO `relation` VALUES ('sportschannel', '5155288116', '1');
INSERT INTO `relation` VALUES ('sportschannel', '5245550159', '1');
INSERT INTO `relation` VALUES ('sportschannel', '5197523486', '1');
INSERT INTO `relation` VALUES ('sportschannel', 'taizikevin1989', '1');
INSERT INTO `relation` VALUES ('sportschannel', '2722783531', '1');
INSERT INTO `relation` VALUES ('sportschannel', '3822761947', '1');
INSERT INTO `relation` VALUES ('sportschannel', '1842280514', '1');
INSERT INTO `relation` VALUES ('sportschannel', 'adephoenix', '1');
INSERT INTO `relation` VALUES ('sportschannel', '2281686332', '1');
INSERT INTO `relation` VALUES ('sportschannel', '1798279201', '1');
INSERT INTO `relation` VALUES ('sportschannel', 'therealchenwen', '1');
INSERT INTO `relation` VALUES ('sportschannel', '2269926731', '1');
INSERT INTO `relation` VALUES ('sportschannel', '2910504762', '1');
INSERT INTO `relation` VALUES ('sportschannel', '2175001147', '1');
INSERT INTO `relation` VALUES ('sportschannel', '1280717437', '1');
INSERT INTO `relation` VALUES ('sportschannel', '2621346193', '1');
INSERT INTO `relation` VALUES ('sportschannel', 'ccc2014', '1');
INSERT INTO `relation` VALUES ('sportschannel', '2742080897', '1');
INSERT INTO `relation` VALUES ('sportschannel', 'bravek', '1');
INSERT INTO `relation` VALUES ('sportschannel', '2011162223', '1');
INSERT INTO `relation` VALUES ('sportschannel', '2166132200', '1');
INSERT INTO `relation` VALUES ('sportschannel', '1955960755', '1');
INSERT INTO `relation` VALUES ('sportschannel', '3320565015', '1');
INSERT INTO `relation` VALUES ('sportschannel', '574313175', '1');
INSERT INTO `relation` VALUES ('sportschannel', '3046264415', '1');
INSERT INTO `relation` VALUES ('sportschannel', '5566484335', '1');
INSERT INTO `relation` VALUES ('sportschannel', 'northland2011', '1');
INSERT INTO `relation` VALUES ('sportschannel', '1890817421', '1');
INSERT INTO `relation` VALUES ('sportschannel', '2382079683', '1');
INSERT INTO `relation` VALUES ('sportschannel', '1890948270', '1');
INSERT INTO `relation` VALUES ('sportschannel', '5780486960', '1');
INSERT INTO `relation` VALUES ('sportschannel', '376784863', '1');
INSERT INTO `relation` VALUES ('sportschannel', 'xiaojianfei1989', '1');
INSERT INTO `relation` VALUES ('sportschannel', '1920719763', '1');
INSERT INTO `relation` VALUES ('sportschannel', '1906650015', '1');
INSERT INTO `relation` VALUES ('sportschannel', '1285759963', '1');
INSERT INTO `relation` VALUES ('sportschannel', '2118561177', '1');
INSERT INTO `relation` VALUES ('sportschannel', '1850861754', '1');
INSERT INTO `relation` VALUES ('sportschannel', '1303772755', '1');
INSERT INTO `relation` VALUES ('sportschannel', '2505272994', '1');
INSERT INTO `relation` VALUES ('sportschannel', 'ericnickyoung', '1');
INSERT INTO `relation` VALUES ('sportschannel', '2166062870', '1');
INSERT INTO `relation` VALUES ('sportschannel', '2282516193', '1');
INSERT INTO `relation` VALUES ('sportschannel', '3748156884', '1');
INSERT INTO `relation` VALUES ('sportschannel', 'xiayu1573', '1');
INSERT INTO `relation` VALUES ('sportschannel', 'yimo13', '1');
INSERT INTO `relation` VALUES ('sportschannel', '1001788214', '1');
INSERT INTO `relation` VALUES ('sportschannel', '1776625723', '1');
INSERT INTO `relation` VALUES ('sportschannel', '5773733900', '1');
INSERT INTO `relation` VALUES ('sportschannel', 'qmxh2010', '1');
INSERT INTO `relation` VALUES ('sportschannel', '5745857212', '1');
INSERT INTO `relation` VALUES ('sportschannel', 'tongbobo', '1');
INSERT INTO `relation` VALUES ('sportschannel', '1265070597', '1');
INSERT INTO `relation` VALUES ('sportschannel', '2212234313', '1');
INSERT INTO `relation` VALUES ('sportschannel', '2282125267', '1');
INSERT INTO `relation` VALUES ('sportschannel', '3181520230', '1');
INSERT INTO `relation` VALUES ('sportschannel', 'hmilyzheng', '1');
INSERT INTO `relation` VALUES ('sportschannel', 'xiaxiaozhou1023', '1');
INSERT INTO `relation` VALUES ('sportschannel', 'kwameyang', '1');
INSERT INTO `relation` VALUES ('sportschannel', 'bigboysky', '1');
INSERT INTO `relation` VALUES ('sportschannel', 'linyin86', '1');
INSERT INTO `relation` VALUES ('sportschannel', '3840703629', '1');
INSERT INTO `relation` VALUES ('sportschannel', '2520085572', '1');
INSERT INTO `relation` VALUES ('sportschannel', 'recalland', '1');
INSERT INTO `relation` VALUES ('sportschannel', '2299460145', '1');
INSERT INTO `relation` VALUES ('sportschannel', '5785578555', '1');
INSERT INTO `relation` VALUES ('sportschannel', '2793067557', '1');
INSERT INTO `relation` VALUES ('sportschannel', 'baggiolyx', '1');
INSERT INTO `relation` VALUES ('sportschannel', 'yaoyangandarron', '1');
INSERT INTO `relation` VALUES ('sportschannel', 'mickydanlin', '1');
INSERT INTO `relation` VALUES ('sportschannel', '2730504403', '1');
INSERT INTO `relation` VALUES ('sportschannel', '2043755691', '1');
INSERT INTO `relation` VALUES ('sportschannel', '5748609416', '1');
INSERT INTO `relation` VALUES ('sportschannel', '2599291553', '1');
INSERT INTO `relation` VALUES ('sportschannel', '2352910811', '1');
INSERT INTO `relation` VALUES ('sportschannel', 'GHFfengshao', '1');
INSERT INTO `relation` VALUES ('sportschannel', 'yuli6', '1');
INSERT INTO `relation` VALUES ('sportschannel', '808091089', '1');
INSERT INTO `relation` VALUES ('sportschannel', '5794672999', '2');
INSERT INTO `relation` VALUES ('sportschannel', '3778025611', '1');
INSERT INTO `relation` VALUES ('sportschannel', '2039565567', '1');
INSERT INTO `relation` VALUES ('sportschannel', '2828877162', '1');
INSERT INTO `relation` VALUES ('sportschannel', '5656488636', '1');
INSERT INTO `relation` VALUES ('sportschannel', '3922480896', '1');
INSERT INTO `relation` VALUES ('sportschannel', '1745529104', '1');
INSERT INTO `relation` VALUES ('sportschannel', '1686025527', '1');
INSERT INTO `relation` VALUES ('sportschannel', '3075887272', '1');
INSERT INTO `relation` VALUES ('sportschannel', '3270085110', '1');
INSERT INTO `relation` VALUES ('sportschannel', '1609516717', '1');
INSERT INTO `relation` VALUES ('sportschannel', '5553664093', '1');
INSERT INTO `relation` VALUES ('sportschannel', '2012846125', '1');
INSERT INTO `relation` VALUES ('sportschannel', 'wangyunchen', '2');
INSERT INTO `relation` VALUES ('sportschannel', '1909976741', '1');
INSERT INTO `relation` VALUES ('sportschannel', '2870122710', '1');
INSERT INTO `relation` VALUES ('sportschannel', '5642071954', '1');
INSERT INTO `relation` VALUES ('sportschannel', '5551862018', '1');
INSERT INTO `relation` VALUES ('sportschannel', '2577446217', '2');
INSERT INTO `relation` VALUES ('sportschannel', '2805370313', '1');
INSERT INTO `relation` VALUES ('sportschannel', '1730553495', '1');
INSERT INTO `relation` VALUES ('sportschannel', 'andikwun', '1');
INSERT INTO `relation` VALUES ('sportschannel', '2572514335', '1');
INSERT INTO `relation` VALUES ('sportschannel', '921020123', '1');
INSERT INTO `relation` VALUES ('sportschannel', '2124110251', '1');
INSERT INTO `relation` VALUES ('sportschannel', '3030981042', '1');
INSERT INTO `relation` VALUES ('sportschannel', '5631871328', '1');
INSERT INTO `relation` VALUES ('sportschannel', '20110627b', '1');
INSERT INTO `relation` VALUES ('sportschannel', '3848299830', '1');
INSERT INTO `relation` VALUES ('sportschannel', '5177739344', '1');
INSERT INTO `relation` VALUES ('sportschannel', '2259007057', '1');
INSERT INTO `relation` VALUES ('sportschannel', '208886956', '1');
INSERT INTO `relation` VALUES ('sportschannel', '2945582380', '1');
INSERT INTO `relation` VALUES ('sportschannel', '2191720403', '1');
INSERT INTO `relation` VALUES ('sportschannel', '5604976102', '1');
INSERT INTO `relation` VALUES ('sportschannel', '5317634559', '1');
INSERT INTO `relation` VALUES ('sportschannel', '5517834911', '1');
INSERT INTO `relation` VALUES ('sportschannel', '3514801630', '1');
INSERT INTO `relation` VALUES ('sportschannel', '5374226720', '1');
INSERT INTO `relation` VALUES ('sportschannel', '2143995980', '1');
INSERT INTO `relation` VALUES ('sportschannel', 'wdowen', '1');
INSERT INTO `relation` VALUES ('sportschannel', 'rouuanli9', '1');
INSERT INTO `relation` VALUES ('sportschannel', '1875587945', '1');
INSERT INTO `relation` VALUES ('sportschannel', '5336285532', '1');
INSERT INTO `relation` VALUES ('sportschannel', '1849243865', '1');
INSERT INTO `relation` VALUES ('sportschannel', 'rohoo', '1');
INSERT INTO `relation` VALUES ('sportschannel', '1643860343', '1');
INSERT INTO `relation` VALUES ('sportschannel', '2720345145', '1');
INSERT INTO `relation` VALUES ('sportschannel', 'loveyefujian', '1');
INSERT INTO `relation` VALUES ('sportschannel', 'rabacca940731', '1');
INSERT INTO `relation` VALUES ('sportschannel', '1727384517', '1');
INSERT INTO `relation` VALUES ('sportschannel', '5102888374', '1');
INSERT INTO `relation` VALUES ('sportschannel', '3692194023', '1');
INSERT INTO `relation` VALUES ('sportschannel', '1064284231', '1');
INSERT INTO `relation` VALUES ('sportschannel', '1742840607', '1');
INSERT INTO `relation` VALUES ('sportschannel', 'mugogogo', '1');
INSERT INTO `relation` VALUES ('sportschannel', '1913320137', '1');
INSERT INTO `relation` VALUES ('sportschannel', '2246361550', '1');
INSERT INTO `relation` VALUES ('sportschannel', '835465869', '1');
INSERT INTO `relation` VALUES ('sportschannel', '3618411024', '1');
INSERT INTO `relation` VALUES ('sportschannel', '2527635664', '1');
INSERT INTO `relation` VALUES ('sportschannel', 'cpiao', '1');
INSERT INTO `relation` VALUES ('sportschannel', '5276038550', '1');
INSERT INTO `relation` VALUES ('sportschannel', '1700527920', '1');
INSERT INTO `relation` VALUES ('sportschannel', '1089138874', '1');
INSERT INTO `relation` VALUES ('sportschannel', '2170168630', '1');
INSERT INTO `relation` VALUES ('sportschannel', '5650282296', '3');
INSERT INTO `relation` VALUES ('sportschannel', '1954437017', '1');
INSERT INTO `relation` VALUES ('sportschannel', '2684886431', '1');
INSERT INTO `relation` VALUES ('sportschannel', 'alexchen1989', '1');
INSERT INTO `relation` VALUES ('sportschannel', '2495982951', '1');
INSERT INTO `relation` VALUES ('sportschannel', '1116062844', '1');
INSERT INTO `relation` VALUES ('sportschannel', 'leona8', '1');
INSERT INTO `relation` VALUES ('sportschannel', '2251239734', '1');
INSERT INTO `relation` VALUES ('sportschannel', '1853180663', '1');
INSERT INTO `relation` VALUES ('sportschannel', 'ozilkobe', '1');
INSERT INTO `relation` VALUES ('sportschannel', 'shijiezhida2012', '1');
INSERT INTO `relation` VALUES ('sportschannel', '3236734962', '1');
INSERT INTO `relation` VALUES ('sportschannel', '1929976940', '1');
INSERT INTO `relation` VALUES ('sportschannel', '5763524361', '1');
INSERT INTO `relation` VALUES ('sportschannel', '2516529731', '1');
INSERT INTO `relation` VALUES ('sportschannel', '2196634493', '1');
INSERT INTO `relation` VALUES ('sportschannel', '2657236332', '1');
INSERT INTO `relation` VALUES ('sportschannel', '5239115061', '1');
INSERT INTO `relation` VALUES ('sportschannel', '5383938440', '1');
INSERT INTO `relation` VALUES ('sportschannel', 'lilihandsome', '1');
INSERT INTO `relation` VALUES ('sportschannel', '2456952750', '1');
INSERT INTO `relation` VALUES ('sportschannel', '5679103734', '1');
INSERT INTO `relation` VALUES ('sportschannel', '5627696654', '1');
INSERT INTO `relation` VALUES ('sportschannel', '1806133401', '1');
INSERT INTO `relation` VALUES ('sportschannel', '2586778127', '1');
INSERT INTO `relation` VALUES ('sportschannel', 'lvjie616', '1');
INSERT INTO `relation` VALUES ('sportschannel', '2162943563', '1');
INSERT INTO `relation` VALUES ('sportschannel', '2596349741', '1');
INSERT INTO `relation` VALUES ('sportschannel', '2240834493', '1');
INSERT INTO `relation` VALUES ('sportschannel', '1456455461', '1');
INSERT INTO `relation` VALUES ('sportschannel', 'greatchenwei', '1');
INSERT INTO `relation` VALUES ('sportschannel', '5238898230', '1');
INSERT INTO `relation` VALUES ('sportschannel', '5664847533', '1');
INSERT INTO `relation` VALUES ('sportschannel', '3848150234', '1');
INSERT INTO `relation` VALUES ('sportschannel', '1820670517', '1');
INSERT INTO `relation` VALUES ('sportschannel', '3864250698', '1');
INSERT INTO `relation` VALUES ('sportschannel', '1905973667', '1');
INSERT INTO `relation` VALUES ('sportschannel', '5413207591', '1');
INSERT INTO `relation` VALUES ('sportschannel', '2447242461', '1');
INSERT INTO `relation` VALUES ('sportschannel', '3911392664', '1');
INSERT INTO `relation` VALUES ('sportschannel', '2785689494', '1');
INSERT INTO `relation` VALUES ('sportschannel', '2611250617', '1');
INSERT INTO `relation` VALUES ('sportschannel', '5492108439', '1');
INSERT INTO `relation` VALUES ('sportschannel', '3549029840', '1');
INSERT INTO `relation` VALUES ('sportschannel', '3974759753', '1');
INSERT INTO `relation` VALUES ('sportschannel', '2406320242', '1');
INSERT INTO `relation` VALUES ('sportschannel', '2690892713', '1');
INSERT INTO `relation` VALUES ('sportschannel', '500122088', '1');
INSERT INTO `relation` VALUES ('sportschannel', '2513697101', '1');
INSERT INTO `relation` VALUES ('sportschannel', '1780662434', '1');
INSERT INTO `relation` VALUES ('sportschannel', '5233828463', '1');
INSERT INTO `relation` VALUES ('sportschannel', '1978322770', '1');
INSERT INTO `relation` VALUES ('sportschannel', '2811944850', '1');
INSERT INTO `relation` VALUES ('sportschannel', '2690350412', '1');
INSERT INTO `relation` VALUES ('sportschannel', '5221114242', '1');
INSERT INTO `relation` VALUES ('sportschannel', 'JiaQianNan', '1');
INSERT INTO `relation` VALUES ('sportschannel', 'yangyang00', '1');
INSERT INTO `relation` VALUES ('sportschannel', '2956357161', '1');
INSERT INTO `relation` VALUES ('hdpicture', '3190148270', '1');
INSERT INTO `relation` VALUES ('hdpicture', '1738106945', '1');
INSERT INTO `relation` VALUES ('cctv5', '1756724077', '1');
INSERT INTO `relation` VALUES ('cctv5', '1712161125', '1');
INSERT INTO `relation` VALUES ('cctv5', '228428506', '1');
INSERT INTO `relation` VALUES ('cctv5', 'huisaphoto', '1');
INSERT INTO `relation` VALUES ('cctv5', '2619526855', '1');
INSERT INTO `relation` VALUES ('cctv5', '2735448751', '1');
INSERT INTO `relation` VALUES ('cctv5', '2348628117', '1');
INSERT INTO `relation` VALUES ('cctv5', '5521402789', '1');
INSERT INTO `relation` VALUES ('cctv5', '5137570021', '1');
INSERT INTO `relation` VALUES ('cctv5', '1553795695', '1');
INSERT INTO `relation` VALUES ('cctv5', 'zyx2008', '1');
INSERT INTO `relation` VALUES ('cctv5', '2044390483', '1');
INSERT INTO `relation` VALUES ('hoopchina', '5800328311', '2');
INSERT INTO `relation` VALUES ('hoopchina', '2644931043', '2');
INSERT INTO `relation` VALUES ('hoopchina', '5225349035', '1');
INSERT INTO `relation` VALUES ('hoopchina', 'linyin86', '1');
INSERT INTO `relation` VALUES ('hoopchina', '5378319414', '1');
INSERT INTO `relation` VALUES ('hoopchina', '5525129303', '1');
INSERT INTO `relation` VALUES ('hoopchina', '2095020462', '1');
INSERT INTO `relation` VALUES ('hoopchina', '2102782205', '1');
INSERT INTO `relation` VALUES ('hoopchina', '2862399692', '1');
INSERT INTO `relation` VALUES ('hoopchina', '1629601304', '1');
INSERT INTO `relation` VALUES ('hoopchina', '5608466307', '1');
INSERT INTO `relation` VALUES ('hoopchina', '575599216', '1');
INSERT INTO `relation` VALUES ('hoopchina', '1692305440', '1');
INSERT INTO `relation` VALUES ('hoopchina', '5119533057', '1');
INSERT INTO `relation` VALUES ('hoopchina', 'miaomai', '1');
INSERT INTO `relation` VALUES ('hoopchina', '5063622747', '1');
INSERT INTO `relation` VALUES ('hoopchina', '601298244', '1');
INSERT INTO `relation` VALUES ('hoopchina', '2719578520', '1');
INSERT INTO `relation` VALUES ('isize', '2679361757', '1');

-- ----------------------------
-- Table structure for user
-- ----------------------------
DROP TABLE IF EXISTS `user`;
CREATE TABLE `user` (
  `uid` varchar(50) NOT NULL,
  `name` varchar(255) DEFAULT NULL,
  PRIMARY KEY (`uid`)
) ENGINE=InnoDB DEFAULT CHARSET=utf8;

-- ----------------------------
-- Records of user
-- ----------------------------
INSERT INTO `user` VALUES ('1001788214', 'T乔克叔叔T');
INSERT INTO `user` VALUES ('1064284231', '我是常德地');
INSERT INTO `user` VALUES ('1089138874', '浪激咀唔系尖沙咀');
INSERT INTO `user` VALUES ('1116062844', '会发光的农家山坡-南丰蜜桔');
INSERT INTO `user` VALUES ('1265070597', '酷酷挣扎');
INSERT INTO `user` VALUES ('1280717437', '闽K77777');
INSERT INTO `user` VALUES ('1285759963', 'lessies');
INSERT INTO `user` VALUES ('1303772755', '睿儿宝贝HD');
INSERT INTO `user` VALUES ('1456455461', 'sunqing612723');
INSERT INTO `user` VALUES ('1553795695', '借錢買阿迪');
INSERT INTO `user` VALUES ('1609516717', '瓜瓜儿_买买买LKB');
INSERT INTO `user` VALUES ('1629601304', 'Jack-xu-Dennis');
INSERT INTO `user` VALUES ('1643860343', '用户vxdo7xdo6w');
INSERT INTO `user` VALUES ('1686025527', '水钻Li');
INSERT INTO `user` VALUES ('1692305440', '黄勳勳勳');
INSERT INTO `user` VALUES ('1700527920', '娃娃小亲');
INSERT INTO `user` VALUES ('1712161125', '晃过天空32');
INSERT INTO `user` VALUES ('1727384517', 'changzhoufans');
INSERT INTO `user` VALUES ('1730553495', '盛哞哞');
INSERT INTO `user` VALUES ('1732370173', '巴黎铁塔讽刺了谁S');
INSERT INTO `user` VALUES ('1738106945', 'PGDONG');
INSERT INTO `user` VALUES ('1742840607', 'HWANGZHI');
INSERT INTO `user` VALUES ('1743212370', '追风筝的崔二狗');
INSERT INTO `user` VALUES ('1745529104', '我真叫新宇');
INSERT INTO `user` VALUES ('1756724077', 'LuoYu_');
INSERT INTO `user` VALUES ('1769156662', '强zqliu');
INSERT INTO `user` VALUES ('1776625723', '我爱科比大神');
INSERT INTO `user` VALUES ('1780662434', '科比是偶男神');
INSERT INTO `user` VALUES ('1783521685', '铁岭本山叔');
INSERT INTO `user` VALUES ('1798279201', '睡着的水1025');
INSERT INTO `user` VALUES ('1806133401', '画格728--');
INSERT INTO `user` VALUES ('1820670517', '郝伟大Cc');
INSERT INTO `user` VALUES ('1842280514', '可有不可无');
INSERT INTO `user` VALUES ('1849243865', '嗷嗷嗷嗷奥');
INSERT INTO `user` VALUES ('1850861754', '咪铃');
INSERT INTO `user` VALUES ('1853180663', 'AuYeung-欧阳');
INSERT INTO `user` VALUES ('1875587945', '薛看穿');
INSERT INTO `user` VALUES ('1890817421', '一个人的原_點');
INSERT INTO `user` VALUES ('1890948270', '请叫我冯大侠');
INSERT INTO `user` VALUES ('1905973667', '官二哥_Tonny');
INSERT INTO `user` VALUES ('1906650015', '薛强_john');
INSERT INTO `user` VALUES ('1909976741', '体育健康娱乐');
INSERT INTO `user` VALUES ('1913320137', '威廉我中意你');
INSERT INTO `user` VALUES ('1920719763', '梁先生就是我');
INSERT INTO `user` VALUES ('1929976940', '格雷_Sama');
INSERT INTO `user` VALUES ('1954437017', '我又不是失心疯');
INSERT INTO `user` VALUES ('1955960755', '杨一夺');
INSERT INTO `user` VALUES ('1978322770', '子曰_puff是只猫');
INSERT INTO `user` VALUES ('20110627b', '陳文泳-泳兒');
INSERT INTO `user` VALUES ('2011162223', '金三不胖-');
INSERT INTO `user` VALUES ('2012846125', '_傲娇de小公举');
INSERT INTO `user` VALUES ('2024988481', '雷小露');
INSERT INTO `user` VALUES ('2032157895', '南宁月老赐婚');
INSERT INTO `user` VALUES ('2039565567', '那个坏坏的Jay小调');
INSERT INTO `user` VALUES ('2039934751', '回忆青春n');
INSERT INTO `user` VALUES ('2043755691', '贺呵呵呵Ares');
INSERT INTO `user` VALUES ('2044390483', '左曌');
INSERT INTO `user` VALUES ('208886956', 'bbbkg');
INSERT INTO `user` VALUES ('2095020462', '封心忆梦');
INSERT INTO `user` VALUES ('2102782205', '天台人mrj');
INSERT INTO `user` VALUES ('2113241931', '外滩琳');
INSERT INTO `user` VALUES ('2118561177', '姜杰JJ');
INSERT INTO `user` VALUES ('2124110251', 'Vladislavo');
INSERT INTO `user` VALUES ('2143995980', 'Mr_Simle');
INSERT INTO `user` VALUES ('2162943563', '魏兴华wei');
INSERT INTO `user` VALUES ('2166062870', 'alone陈朝霖');
INSERT INTO `user` VALUES ('2166132200', '晶莹泪娃娃');
INSERT INTO `user` VALUES ('2170168630', '小M-Bibby');
INSERT INTO `user` VALUES ('2173583117', 'Rose摘婲');
INSERT INTO `user` VALUES ('2175001147', '秋酱just秋酱');
INSERT INTO `user` VALUES ('2191720403', 'zhwyuan');
INSERT INTO `user` VALUES ('2196634493', '凉陌古城少年');
INSERT INTO `user` VALUES ('2212234313', '爱长痘的马哥');
INSERT INTO `user` VALUES ('2240834493', '一个人丶旅行灬');
INSERT INTO `user` VALUES ('2246361550', '温柔可爱善良大方就是我');
INSERT INTO `user` VALUES ('2251239734', '皮奥卡克丘曼');
INSERT INTO `user` VALUES ('2259007057', '上官燚烙');
INSERT INTO `user` VALUES ('2269926731', 'Hi刘一朵');
INSERT INTO `user` VALUES ('2281686332', '多啦秋秋梦');
INSERT INTO `user` VALUES ('2281762281', '邓洋洋洋iii');
INSERT INTO `user` VALUES ('2282125267', '_tyx田雨鑫');
INSERT INTO `user` VALUES ('2282516193', '余凤洁');
INSERT INTO `user` VALUES ('228428506', '张沐旸');
INSERT INTO `user` VALUES ('2299460145', '穿马夹加肥猫');
INSERT INTO `user` VALUES ('2308425054', '冉小样同学');
INSERT INTO `user` VALUES ('2348628117', '凯呀呐个凯');
INSERT INTO `user` VALUES ('2352910811', '石子奇');
INSERT INTO `user` VALUES ('2382079683', '再改不了就日五档电风扇');
INSERT INTO `user` VALUES ('2406320242', '-Perfect_驹');
INSERT INTO `user` VALUES ('2447242461', 'C-ai君海');
INSERT INTO `user` VALUES ('2456952750', '痛了_自然会放下');
INSERT INTO `user` VALUES ('2495982951', '我从没嫖过你');
INSERT INTO `user` VALUES ('2505272994', '李晓勇Young');
INSERT INTO `user` VALUES ('2513697101', '张恒说他要好好学习');
INSERT INTO `user` VALUES ('2516529731', '寒塘渡HE');
INSERT INTO `user` VALUES ('2520085572', '科呆子的小情绪');
INSERT INTO `user` VALUES ('2527635664', '不能说的秘密ALEX');
INSERT INTO `user` VALUES ('2572514335', 'QB祁波');
INSERT INTO `user` VALUES ('2577446217', 'duang_李小凡');
INSERT INTO `user` VALUES ('2586778127', '_Cher大小小小雪儿');
INSERT INTO `user` VALUES ('2596349741', 'Houston-LNTS硕');
INSERT INTO `user` VALUES ('2599291553', '手机用户13454218736');
INSERT INTO `user` VALUES ('2611250617', '小明in大郑州');
INSERT INTO `user` VALUES ('2619526855', '蒲公英的救赎的小窝');
INSERT INTO `user` VALUES ('2621346193', '非兄');
INSERT INTO `user` VALUES ('2644931043', '徐番尼');
INSERT INTO `user` VALUES ('2657236332', '研途风景为自己');
INSERT INTO `user` VALUES ('2670219913', '暮雨兰庭');
INSERT INTO `user` VALUES ('2677119141', '悟空为师要咒你');
INSERT INTO `user` VALUES ('2679361757', 'Sean0913');
INSERT INTO `user` VALUES ('2684886431', 'Aly_王晗');
INSERT INTO `user` VALUES ('2690350412', '改什么ID呢');
INSERT INTO `user` VALUES ('2690892713', 'LA的girl');
INSERT INTO `user` VALUES ('2709732691', '机智的晓许');
INSERT INTO `user` VALUES ('2719578520', '爱jj的妹妹mm10');
INSERT INTO `user` VALUES ('2720345145', '肖行健的名字被占用了');
INSERT INTO `user` VALUES ('2722783531', '芝加哥夜未眠');
INSERT INTO `user` VALUES ('2730504403', '美丽遥远的金钟镇');
INSERT INTO `user` VALUES ('2735448751', '代码jj色妹3');
INSERT INTO `user` VALUES ('2742080897', 'Smile夏沫雨曦');
INSERT INTO `user` VALUES ('2749153085', 'Mr_Hu_亚飞');
INSERT INTO `user` VALUES ('2785689494', '花道and路飞');
INSERT INTO `user` VALUES ('2793067557', 'LeoBryant先生');
INSERT INTO `user` VALUES ('2805370313', '希希希希惜在');
INSERT INTO `user` VALUES ('2811944850', '玛格达戈达尔');
INSERT INTO `user` VALUES ('2828877162', '_AFD_');
INSERT INTO `user` VALUES ('2862399692', 'HarveyT-Tam');
INSERT INTO `user` VALUES ('2870122710', '施诗rafina');
INSERT INTO `user` VALUES ('2875340352', '情迷诺坎普最爱梅球王');
INSERT INTO `user` VALUES ('2910504762', '鎈吥哆丶圥生');
INSERT INTO `user` VALUES ('2945582380', '沧海里尘埃');
INSERT INTO `user` VALUES ('2956357161', '别闹去睡觉');
INSERT INTO `user` VALUES ('2958102691', 'CTJude');
INSERT INTO `user` VALUES ('3030981042', '都说玩微博的男孩长得帅我不信');
INSERT INTO `user` VALUES ('3046264415', '萌系男的自我鉴定');
INSERT INTO `user` VALUES ('3075887272', '李草根er的兔子');
INSERT INTO `user` VALUES ('3181520230', '仨69兰');
INSERT INTO `user` VALUES ('3186411300', '云雀高飞Aachen');
INSERT INTO `user` VALUES ('3190148270', '背上键盘去旅行');
INSERT INTO `user` VALUES ('3236734962', '笑看人生3236734962');
INSERT INTO `user` VALUES ('3270085110', '凹凸曼来打小怪兽110');
INSERT INTO `user` VALUES ('3320565015', '17号小泡泡');
INSERT INTO `user` VALUES ('3335263352', '曼巴__VINO');
INSERT INTO `user` VALUES ('3514801630', '王秋杰做好事从不留名');
INSERT INTO `user` VALUES ('3549029840', '李伟晗fitness');
INSERT INTO `user` VALUES ('3618411024', '大家叫我阿力');
INSERT INTO `user` VALUES ('3692194023', '猫_袋or狗_带');
INSERT INTO `user` VALUES ('3748156884', '_不是每个人都是人');
INSERT INTO `user` VALUES ('376784863', '农夫三拳有点儿疼eng');
INSERT INTO `user` VALUES ('3778025611', '可爱的洪水猛兽w');
INSERT INTO `user` VALUES ('3822761947', '一路阳光Ironman');
INSERT INTO `user` VALUES ('3840703629', 'H我怀念的是H');
INSERT INTO `user` VALUES ('3848150234', '左右手1号');
INSERT INTO `user` VALUES ('3848299830', '丿科先森');
INSERT INTO `user` VALUES ('3864250698', '昕弃急');
INSERT INTO `user` VALUES ('3911392664', 'PowerLIuu');
INSERT INTO `user` VALUES ('3922480896', '毛毛ya宝宝');
INSERT INTO `user` VALUES ('3974759753', '叽叽咕咕小恶魔');
INSERT INTO `user` VALUES ('500122088', 'Kris_vnzj');
INSERT INTO `user` VALUES ('5063622747', '资源-群--');
INSERT INTO `user` VALUES ('5102888374', 'DY体育');
INSERT INTO `user` VALUES ('5119533057', '东北汉子呵呵呵');
INSERT INTO `user` VALUES ('5137570021', 'daswadwee');
INSERT INTO `user` VALUES ('5155288116', '苗钟真');
INSERT INTO `user` VALUES ('5177739344', '陈志锋重剑无锋');
INSERT INTO `user` VALUES ('5197523486', '执笔画船');
INSERT INTO `user` VALUES ('5221114242', '就爱你的双眼皮');
INSERT INTO `user` VALUES ('5225349035', '一双美丽的大眼睛');
INSERT INTO `user` VALUES ('5233828463', '喵系瘟疫屁民GIO');
INSERT INTO `user` VALUES ('5238898230', '_翻阅_山丘');
INSERT INTO `user` VALUES ('5239115061', '青衫秀士');
INSERT INTO `user` VALUES ('5245550159', 'LionTigerLeopard');
INSERT INTO `user` VALUES ('5276038550', '谁又是偏执狂');
INSERT INTO `user` VALUES ('5296175652', 'Summer丨晴天');
INSERT INTO `user` VALUES ('5317634559', '不是付雨');
INSERT INTO `user` VALUES ('5336285532', '彼岸见阳');
INSERT INTO `user` VALUES ('5365340512', '冷静boy');
INSERT INTO `user` VALUES ('5374226720', '孤独的风车');
INSERT INTO `user` VALUES ('5378319414', 'b1ackMam8');
INSERT INTO `user` VALUES ('5383938440', '---军军123');
INSERT INTO `user` VALUES ('5413207591', '丶杀手不太冷');
INSERT INTO `user` VALUES ('5492108439', '柳雨辰Tair');
INSERT INTO `user` VALUES ('5517834911', '李楷华191');
INSERT INTO `user` VALUES ('5521402789', '那还是狗吗');
INSERT INTO `user` VALUES ('5525129303', '艾科麦卡球衣汇');
INSERT INTO `user` VALUES ('5551862018', '让姐姐来好好疼爱你');
INSERT INTO `user` VALUES ('5553664093', '伏尾窗的猫阿');
INSERT INTO `user` VALUES ('5566393136', 'superACfan');
INSERT INTO `user` VALUES ('5566484335', '恩格扎西');
INSERT INTO `user` VALUES ('5571253559', 'WarriorsLA');
INSERT INTO `user` VALUES ('5604976102', '缅怀桔梗');
INSERT INTO `user` VALUES ('5608466307', '篮球动图大全');
INSERT INTO `user` VALUES ('5627696654', '李罗棋');
INSERT INTO `user` VALUES ('5631871328', '百万大军攻城');
INSERT INTO `user` VALUES ('5642071954', '科比不6冠不交男票啊');
INSERT INTO `user` VALUES ('5650282296', '雷行天下也');
INSERT INTO `user` VALUES ('5656488636', '爱峰爱喋V5');
INSERT INTO `user` VALUES ('5664847533', '我说铭哥你说要');
INSERT INTO `user` VALUES ('5679103734', '郭嘉雯Lesley-Leslie');
INSERT INTO `user` VALUES ('5705619153', '晓飞有理想001');
INSERT INTO `user` VALUES ('574313175', '官显峰');
INSERT INTO `user` VALUES ('5745857212', 'Mr_Baronet');
INSERT INTO `user` VALUES ('5748609416', '国外看球球票行程请关注奥瑞体育');
INSERT INTO `user` VALUES ('575599216', '马大白儿');
INSERT INTO `user` VALUES ('5763524361', '诺阿');
INSERT INTO `user` VALUES ('5773733900', '浪漫太慢痛快太快');
INSERT INTO `user` VALUES ('5780486960', '王芮芮芮芮');
INSERT INTO `user` VALUES ('5785578555', 'lm请加我微信aeva130');
INSERT INTO `user` VALUES ('5794672999', '啪啪福利oo');
INSERT INTO `user` VALUES ('5800328311', '趣聊篮球');
INSERT INTO `user` VALUES ('601298244', '-红绿灯下');
INSERT INTO `user` VALUES ('808091089', 'Nocturne1983');
INSERT INTO `user` VALUES ('835465869', '苏格拉小康');
INSERT INTO `user` VALUES ('921020123', '亦是小易');
INSERT INTO `user` VALUES ('adephoenix', 'AdePhoenix');
INSERT INTO `user` VALUES ('alexchen1989', '天使之殇7号');
INSERT INTO `user` VALUES ('andikwun', '关迪_');
INSERT INTO `user` VALUES ('baggiolyx', '梅阿查边上打酱油');
INSERT INTO `user` VALUES ('bedlimit', '驴打滚心情');
INSERT INTO `user` VALUES ('bigboysky', '大小孩');
INSERT INTO `user` VALUES ('bravek', 'K______');
INSERT INTO `user` VALUES ('ccc2014', 'wxzswbhddf-');
INSERT INTO `user` VALUES ('cctv5', 'CCTV5');
INSERT INTO `user` VALUES ('cpiao', '彩神通彩票软件');
INSERT INTO `user` VALUES ('ericnickyoung', '尼克艾瑞克');
INSERT INTO `user` VALUES ('GHFfengshao', '锋gh-Robertson');
INSERT INTO `user` VALUES ('greatchenwei', '方塘布衣');
INSERT INTO `user` VALUES ('hdpicture', '篮球大图');
INSERT INTO `user` VALUES ('hmilyzheng', '爱桦乐斯');
INSERT INTO `user` VALUES ('hoopchina', '虎扑篮球');
INSERT INTO `user` VALUES ('huisaphoto', '摄影师挥洒');
INSERT INTO `user` VALUES ('isize', 'SIZE尺码');
INSERT INTO `user` VALUES ('JiaQianNan', '楠妹');
INSERT INTO `user` VALUES ('kobeLAbryant', '拉玛尔奥多姆');
INSERT INTO `user` VALUES ('kwameyang', 'kwame11');
INSERT INTO `user` VALUES ('leona8', 'Leona慧慧');
INSERT INTO `user` VALUES ('lilihandsome', '李皛李');
INSERT INTO `user` VALUES ('linyin86', '凡士林FantasyLin');
INSERT INTO `user` VALUES ('loveyefujian', 'YE福建');
INSERT INTO `user` VALUES ('lvjie616', '7号球衣leo');
INSERT INTO `user` VALUES ('miaomai', '炎杀');
INSERT INTO `user` VALUES ('mickydanlin', 'mickydanlin');
INSERT INTO `user` VALUES ('mugogogo', '西门一瓜');
INSERT INTO `user` VALUES ('northland2011', '北岸Northland');
INSERT INTO `user` VALUES ('ozilkobe', '颜狗厄');
INSERT INTO `user` VALUES ('qmxh2010', '广工龙洞-球迷协会');
INSERT INTO `user` VALUES ('quantiyuchina', '全体育');
INSERT INTO `user` VALUES ('rabacca940731', '默祷的白日梦');
INSERT INTO `user` VALUES ('rc24kb', '圆车RC24');
INSERT INTO `user` VALUES ('recalland', '苏小乙');
INSERT INTO `user` VALUES ('rohoo', 'Mr_Rohoo');
INSERT INTO `user` VALUES ('rosaxiezhen', 'rosaxiezhen');
INSERT INTO `user` VALUES ('rouuanli9', '劳拉就是我');
INSERT INTO `user` VALUES ('shijiezhida2012', '掏粪男孩他爹');
INSERT INTO `user` VALUES ('sportschannel', '新浪体育');
INSERT INTO `user` VALUES ('superice4', 'RamseyGodlike');
INSERT INTO `user` VALUES ('taizikevin1989', '织幻师-Kevin');
INSERT INTO `user` VALUES ('tanpan0130', 'JacksonTam0130');
INSERT INTO `user` VALUES ('therealchenwen', 'Chenwen');
INSERT INTO `user` VALUES ('tongbobo', 'TTTTHB');
INSERT INTO `user` VALUES ('u/1716293165', '孟大波波');
INSERT INTO `user` VALUES ('u/2050525280', '如你喜欢怪人-其实我很美');
INSERT INTO `user` VALUES ('u/2217503031', '噢买尬___');
INSERT INTO `user` VALUES ('u/2255398971', 'Samuel-Kobe');
INSERT INTO `user` VALUES ('u/2411025631', '无罡');
INSERT INTO `user` VALUES ('u/2432618902', '相加红');
INSERT INTO `user` VALUES ('u/2480728433', 'Magic-zy');
INSERT INTO `user` VALUES ('u/2515974024', 'wang鑫kobe');
INSERT INTO `user` VALUES ('u/2651226440', '_痞子_先生_');
INSERT INTO `user` VALUES ('u/2909064112', '-钰娴妹子');
INSERT INTO `user` VALUES ('u/2980124384', '钓钓喔');
INSERT INTO `user` VALUES ('u/5308724832', '猴子先森cu');
INSERT INTO `user` VALUES ('u/5339454301', '丶阿远哥');
INSERT INTO `user` VALUES ('u/5701982696', 'fwcy晨君');
INSERT INTO `user` VALUES ('uc71272379', '吕小墨');
INSERT INTO `user` VALUES ('wangyunchen', 'veraaaachen');
INSERT INTO `user` VALUES ('wdowen', '王阿贝');
INSERT INTO `user` VALUES ('xiaojianfei1989', 'Mr_小小飞');
INSERT INTO `user` VALUES ('xiaxiaozhou1023', '夏小奏');
INSERT INTO `user` VALUES ('xiayu1573', 'XY_xiayu');
INSERT INTO `user` VALUES ('yangyang00', '无你取闹_YY');
INSERT INTO `user` VALUES ('yaoyangandarron', '我要换个名字lcy');
INSERT INTO `user` VALUES ('yimo13', '大鼻涕ing');
INSERT INTO `user` VALUES ('yuli6', '小巷不通路');
INSERT INTO `user` VALUES ('zyx2008', '722旭名利');

-- ----------------------------
-- Table structure for weibo
-- ----------------------------
DROP TABLE IF EXISTS `weibo`;
CREATE TABLE `weibo` (
  `id` int(11) NOT NULL AUTO_INCREMENT,
  `wid` varchar(50) DEFAULT NULL,
  `uid` varchar(50) DEFAULT NULL,
  `zanNum` varchar(50) DEFAULT NULL,
  `zfNum` varchar(50) DEFAULT NULL,
  `cmtNum` varchar(50) DEFAULT NULL,
  `content` varchar(255) CHARACTER SET utf8mb4 DEFAULT NULL,
  `pubTime` datetime DEFAULT NULL,
  `cmtUrl` varchar(255) DEFAULT NULL,
  `lastVisitTime` datetime DEFAULT NULL,
  PRIMARY KEY (`id`),
  UNIQUE KEY `divId` (`wid`)
) ENGINE=InnoDB AUTO_INCREMENT=58418 DEFAULT CHARSET=utf8;

-- ----------------------------
-- Records of weibo
-- ----------------------------
INSERT INTO `weibo` VALUES ('58397', 'M_D9Jn2wt1Q', 'sportschannel', '1236', '637', '250', ':【你大爷还是你大爷！科比导演湖人21分大逆转】 http://t.cn/R4GZzmS 科比全场拿下31分，追平赛季最高得分。他首节贡献13分，用美如画的3+1和后仰跳投连连砍分；第三节，他率领全队单节打出32-16，成功反超！最后一节关键时刻仍是科比站了出来！胜利以及那响彻丹佛主场的MVP喊声，就是对他最好的褒奖！', '2015-12-23 12:41:00', 'http://weibo.cn/comment/D9Jn2wt1Q?uid=1638781994&rl=1#cmtfrm', '2015-12-23 14:58:31');
INSERT INTO `weibo` VALUES ('58398', 'M_D9Kg40O2H', 'quantiyuchina', '0', '0', '0', ':湖人客场111-107战胜掘金队，终结了两连败的颓势。 科比 再次梦回巅峰，全场拿到31分5次助攻。在NBA历史上，在职业生涯的第20赛季拿到30+的，只有 科比 一人，如今他已两次做到。', '2015-12-23 14:56:00', 'http://weibo.cn/comment/D9Kg40O2H?uid=2176724373&rl=1#cmtfrm', '2015-12-23 14:58:31');
INSERT INTO `weibo` VALUES ('58399', 'M_D9KfL48DJ', 'hdpicture', '14', '0', '1', ':这个 科比 Logo做头像满分！', '2015-12-23 14:56:00', 'http://weibo.cn/comment/D9KfL48DJ?uid=2432009827&rl=1#cmtfrm', '2015-12-23 14:58:32');
INSERT INTO `weibo` VALUES ('58400', 'M_D9KftBdB8', 'u/2050525280', '0', '0', '0', ': #KB20# #科比宣布退役# #55# 第五胜！上场休战的唠嗑扛着球队实现21分逆转。31+3+5，你大爷还是你大爷！唠嗑过去四场命中率50.7%，场均30.5分钟得25分。状态这样退役干嘛啊[生病]（P.S.唠嗑是NBA历史上唯一能在生涯第20年砍下30+的球员。即使是贾巴尔生涯第20年的最高分是21分。） [位置] 厦门·厦门大学', '2015-12-23 14:55:00', 'http://weibo.cn/comment/D9KftBdB8?uid=2050525280&rl=1#cmtfrm', '2015-12-23 14:58:34');
INSERT INTO `weibo` VALUES ('58401', 'M_D9KftjC0B', 'cctv5', '21', '9', '8', ':【黑曼巴归来】背后传球、后仰跳投……黑曼巴归来，依然行云流水！湖人在客场落后21分的情况下翻盘，以111-107击败了掘金。 科比 上场32分钟22投10中，得到31分3篮板5助攻。想问，是不是退役早了？', '2015-12-23 14:55:00', 'http://weibo.cn/comment/D9KftjC0B?uid=2993049293&rl=1#cmtfrm', '2015-12-23 14:58:36');
INSERT INTO `weibo` VALUES ('58402', 'M_D9KeN5LBS', 'u/1716293165', '0', '0', '0', '科比 上场32分钟，22中10，得到31分3板5助1断1帽，湖人战胜掘金 #科比退役季# #KB20#', '2015-12-23 14:53:00', 'http://weibo.cn/comment/D9KeN5LBS?uid=1716293165&rl=1#cmtfrm', '2015-12-23 14:58:36');
INSERT INTO `weibo` VALUES ('58403', 'M_D9KdEuKnf', 'u/2432618902', '0', '0', '0', ':[doge] 科比 今天打的真好各种跳投助攻[doge]看到结束前板凳席上的队友各个笑开花[doge]尤其希伯特笑的跳起[doge]', '2015-12-23 14:50:00', 'http://weibo.cn/comment/D9KdEuKnf?uid=2432618902&rl=1#cmtfrm', '2015-12-23 14:58:36');
INSERT INTO `weibo` VALUES ('58404', 'M_D9KdxlJIq', 'u/2980124384', '0', '0', '0', ':生日快乐~[蛋糕][蛋糕] @唐科比名科比唐', '2015-12-23 14:50:00', 'http://weibo.cn/comment/D9KdxlJIq?uid=2980124384&rl=1#cmtfrm', '2015-12-23 14:58:37');
INSERT INTO `weibo` VALUES ('58405', 'M_D9KdcEUOx', 'u/2411025631', '0', '0', '0', ': 科比 砍下31分 凤凰体育讯 北京时间12月23日，NBA常规赛继续进行，湖人客场挑战掘金。尽管一度落 http://t.cn/R4GUS0B', '2015-12-23 14:49:00', 'http://weibo.cn/comment/D9KdcEUOx?uid=2411025631&rl=1#cmtfrm', '2015-12-23 14:58:37');
INSERT INTO `weibo` VALUES ('58406', 'M_D9KcGsor2', 'rosaxiezhen', '0', '0', '0', ':But who became the bigger draw: Bryant or Nance Jr? “I had more fans than him,” Nance Jr. joked. “I would say 90-10 my way.”》哈哈哈哈，赛后记者问了小南斯，到底今天现场你的球迷多还是 科比 的？小南斯开玩笑说：“我的球迷比他（ 科比 ）多啊，我会说90：10吧” @LOVE湖人4ever', '2015-12-23 14:48:00', 'http://weibo.cn/comment/D9KcGsor2?uid=1774448060&rl=1#cmtfrm', '2015-12-23 14:58:38');
INSERT INTO `weibo` VALUES ('58407', 'M_D9Kcyd2O5', 'u/5308724832', '0', '0', '0', '全世界都在说中国话，你想为哪位明星点赞？[笑cry] http://t.cn/R4bUAXN', '2015-12-23 14:48:00', 'http://weibo.cn/comment/D9Kcyd2O5?uid=5308724832&rl=1#cmtfrm', '2015-12-23 14:58:39');
INSERT INTO `weibo` VALUES ('58408', 'M_D9Kcai4Vk', 'u/2217503031', '0', '0', '0', ': #科比生涯100佳球 无解进攻虐遍联盟巨星# @腾讯视频 http://t.cn/R4GUMFQ', '2015-12-23 14:47:00', 'http://weibo.cn/comment/D9Kcai4Vk?uid=2217503031&rl=1#cmtfrm', '2015-12-23 14:58:44');
INSERT INTO `weibo` VALUES ('58409', 'M_D9Kcai4B3', 'u/5339454301', '0', '0', '0', '我发起了一个投票 【2015-2016西部NBA全明星投票】 2015-2016西部NBA全明星投票', '2015-12-23 14:47:00', 'http://weibo.cn/comment/D9Kcai4B3?uid=5339454301&rl=1#cmtfrm', '2015-12-23 14:58:44');
INSERT INTO `weibo` VALUES ('58410', 'M_D9Kc70UIV', 'u/2480728433', '1', '0', '0', ':继 科比 退役后又一让人失落的消息，你的隐退代表着我彻底的告别了青春期，感谢八年以来的陪伴，感谢我的世界你来过…[偷笑][偷笑][偷笑]', '2015-12-23 14:47:00', 'http://weibo.cn/comment/D9Kc70UIV?uid=2480728433&rl=1#cmtfrm', '2015-12-23 14:58:45');
INSERT INTO `weibo` VALUES ('58411', 'M_D9KbFgKZ4', 'u/2651226440', '0', '0', '0', '在 科比 投中致胜一球后，湖人替补席上众生相，注意高圆圆，总之太多细节了，戳下图！', '2015-12-23 14:45:00', 'http://weibo.cn/comment/D9KbFgKZ4?uid=2651226440&rl=1#cmtfrm', '2015-12-23 14:58:45');
INSERT INTO `weibo` VALUES ('58412', 'M_D9Kbz1ZuL', 'u/2255398971', '0', '0', '0', '科比 第四节砍下11分，主宰了比赛，致敬 科比 #科比退役季# #KB20#', '2015-12-23 14:45:00', 'http://weibo.cn/comment/D9Kbz1ZuL?uid=2255398971&rl=1#cmtfrm', '2015-12-23 14:58:45');
INSERT INTO `weibo` VALUES ('58413', 'M_D9KaKe0xV', 'hoopchina', '62', '9', '20', ':【 科比 ：我通过了今晚的考验】今晚的比赛 科比 再一次打出了惊艳的表现，率队逆转掘金。赛后记者再一次问到了，基于这样的表现，是否考虑过下赛季继续征战时， 科比 说：“零，一点念头都没有过” 科比 称今晚的比赛对他来说是个考验，考验他是否还能在攻防两端做出贡献。 科比 表示他通过了这个考验。', '2015-12-23 14:43:00', 'http://weibo.cn/comment/D9KaKe0xV?uid=1642292081&rl=1#cmtfrm', '2015-12-23 14:58:47');
INSERT INTO `weibo` VALUES ('58414', 'M_D9KaJ13Vj', 'isize', '7', '0', '1', ':今天NBA共进行了4场比赛，76人继续摆烂，大比分负于灰熊；波什错失绝杀球，热火1分惜败活塞；德罗赞28分，洛瑞准三双帮助猛龙在主场战胜小牛； 科比 率队来到百事中心，今天手感不错，砍下31分，率领湖人实现大逆转，战胜掘金。今日鞋报： http://t.cn/R4GUbkO', '2015-12-23 14:43:00', 'http://weibo.cn/comment/D9KaJ13Vj?uid=1900776183&rl=1#cmtfrm', '2015-12-23 14:58:48');
INSERT INTO `weibo` VALUES ('58415', 'M_D9Kaw1DS5', 'u/5701982696', '0', '0', '0', ':老大要不要延长一下退役时间！！ @科比 #科比·布莱恩特# [位置] 潍坊·盛和步行街', '2015-12-23 14:43:00', 'http://weibo.cn/comment/D9Kaw1DS5?uid=5701982696&rl=1#cmtfrm', '2015-12-23 14:58:49');
INSERT INTO `weibo` VALUES ('58416', 'M_D9KalFIrg', 'u/2909064112', '0', '1', '0', ': @唐科比名科比唐 [蛋糕]放开了，玩吗？', '2015-12-23 14:42:00', 'http://weibo.cn/comment/D9KalFIrg?uid=2909064112&rl=1#cmtfrm', '2015-12-23 14:58:49');
INSERT INTO `weibo` VALUES ('58417', 'M_D9Kagmygj', 'u/2515974024', '0', '0', '0', '1997年12月17日， 科比 第一次以主力球员身份对位乔丹，那是迈克尔·乔丹在公牛的最后一个赛季。全场比赛，近35岁的乔丹22投12中得到36分，19岁的 科比 20投12中得到33分。赛后乔丹谈到：“他（ 科比 ）在中场时向我请教转身跳投时如何感知防守人的位置，我告诉他用腿感知对位防守，这样就方便做动作了。”', '2015-12-23 14:42:00', 'http://weibo.cn/comment/D9Kagmygj?uid=2515974024&rl=1#cmtfrm', '2015-12-23 14:58:50');
